,forcing function
0,-0.2840414393230908
1,0.19889172378386627
2,0.3644139059471598
3,0.07864622567695617
4,-0.6255609603452061
5,-1.5546637655469342
6,-2.4315642022117037
7,-3.0096955223175677
8,-3.1720896944458374
9,-2.9705014026418777
10,-2.5882007858386937
11,-2.2461761916195893
12,-2.0986227901433123
13,-2.1671764404489786
14,-2.343029768875448
15,-2.4522497313960088
16,-2.349182913600582
17,-1.990666893216945
18,-1.4553687071569916
19,-0.9014824150773262
20,-0.48725260446847457
21,-0.29653279624472595
22,-0.30719716697220234
23,-0.416509749665409
24,-0.5071766105847522
25,-0.5166650232744464
26,-0.4714005581806212
27,-0.4669987932423729
28,-0.6053794110152579
29,-0.9237362056071953
30,-1.3560006649384013
31,-1.7512878038144783
32,-1.9438870241304524
33,-1.8410611093824452
34,-1.4831498848670253
35,-1.0419460793931534
36,-0.7529194725360705
37,-0.810091312033187
38,-1.27248297082109
39,-2.027593837190656
40,-2.831439322017307
41,-3.4086507911729136
42,-3.5675250374168512
43,-3.2777242060541427
44,-2.676105182780283
45,-2.0001973126872374
46,-1.482530629279444
47,-1.2560573664884567
48,-1.313392557964637
49,-1.534798103535513
50,-1.7659235732403407
51,-1.9031747459309711
52,-1.9433304437019592
53,-1.9745754088177654
54,-2.117403692430732
55,-2.449633052958015
56,-2.9569642098759683
57,-3.535806051049933
58,-4.0465072792939125
59,-4.387826792638579
60,-4.551814396314445
61,-4.62842835250343
62,-4.755948057349994
63,-5.042587906858845
64,-5.501198938354167
65,-6.033582479887152
66,-6.476004161942771
67,-6.68549049778119
68,-6.623862723387376
69,-6.395214429890473
70,-6.213992994809153
71,-6.314776088025164
72,-6.844464659110933
73,-7.787984091372764
74,-8.96411015967412
75,-10.09541645523976
76,-10.921335913742501
77,-11.302986490526301
78,-11.272615129477424
79,-11.007101216724834
80,-10.74082819590922
81,-10.660880797057372
82,-10.833744927982012
83,-11.195033581801486
84,-11.601604857325992
85,-11.915100269762148
86,-12.072414143918031
87,-12.108091998959255
88,-12.120566102438843
89,-12.204164260180676
90,-12.386373666390666
91,-12.606015144820034
92,-12.745099253757664
93,-12.697427474472903
94,-12.436236425502313
95,-12.042469962069688
96,-11.67526176960087
97,-11.496716351079339
98,-11.588223098072877
99,-11.90196321894765
100,-12.275069352856944
101,-12.50279836979708
102,-12.436660331281827
103,-12.059302923003644
104,-11.497728461950421
105,-10.965804020687147
106,-10.661730859478627
107,-10.668970932448412
108,-10.908569130908097
109,-11.166835370780895
110,-11.18652229923176
111,-10.779407096483414
112,-9.908264556042619
113,-8.701287835081207
114,-7.39447066279677
115,-6.231275792849449
116,-5.367632192040692
117,-4.8252183570779
118,-4.510329778154648
119,-4.282743907113197
120,-4.035491714624103
121,-3.7437798998187004
122,-3.4601067386613718
123,-3.262546068105302
124,-3.188402269185665
125,-3.192827146210185
126,-3.157847051411399
127,-2.9491816716788652
128,-2.491167122365656
129,-1.8185071775153814
130,-1.0739602066558098
131,-0.44847287747131687
132,-0.09072982693543213
133,-0.030733603235182927
134,-0.15726357288687876
135,-0.26361412446802607
136,-0.14225635411561183
137,0.31609956927046046
138,1.0672318283623787
139,1.9299547005045699
140,2.668106317971455
141,3.0997546519451507
142,3.1818517165263844
143,3.0300932705736923
144,2.864773404776808
145,2.9087809334097994
146,3.286310834278021
147,3.969574071966369
148,4.796760575800127
149,5.549886066466534
150,6.0530903446103785
151,6.24403353794896
152,6.186560796151819
153,6.023330285264935
154,5.896880431416763
155,5.881672294110249
156,5.9613373493001935
157,6.059619920433473
158,6.104137540292124
159,6.084573045543075
160,6.07039862008879
161,6.175803243365807
162,6.489193321878345
163,7.005655441448882
164,7.601668980896545
165,8.07106913385934
166,8.20980054484553
167,7.9104540222838935
168,7.219906379594072
169,6.32920629939992
170,5.496900116451562
171,4.9395941103195105
172,4.740412782880975
173,4.818431409998216
174,4.973486253687721
175,4.98485319332523
176,4.716672908748635
177,4.18020977590731
178,3.5243497103616312
179,2.9605991986715585
180,2.6600962706193276
181,2.6725904638789517
182,2.905258308628398
183,3.1690512462311053
184,3.2673007101771905
185,3.0818844621344077
186,2.6156352228878785
187,1.973473803465677
188,1.2963804993064683
189,0.6855095053552485
190,0.1568781049656568
191,-0.35098709287139995
192,-0.9234548500072153
193,-1.6023757769093232
194,-2.34456830559047
195,-3.031923804925449
196,-3.530555007063893
197,-3.768704232823348
198,-3.7908027727190388
199,-3.7551325157576154
200,-3.8704392215773304
201,-4.298639735326168
202,-5.070122263704918
203,-6.05467607005309
204,-7.005786077652945
205,-7.660948377683254
206,-7.85303740635797
207,-7.581403573820674
208,-7.009748129790179
209,-6.392169645928953
210,-5.962444427657765
211,-5.838247549230835
212,-5.983699563414522
213,-6.2446902269493
214,-6.436300851497085
215,-6.437574185606867
216,-6.247376221023153
217,-5.976294052008453
218,-5.78228831853896
219,-5.7855184980343415
220,-6.00665627679727
221,-6.359148165193278
222,-6.696944927923956
223,-6.8903776662730305
224,-6.888997962667353
225,-6.738241700963515
226,-6.542225416730624
227,-6.394316686742149
228,-6.314823601977308
229,-6.231775642296289
230,-6.017871405685209
231,-5.566069092998793
232,-4.864042617720171
233,-4.025817951653868
234,-3.2590077030393854
235,-2.7784691289850163
236,-2.7056182016370394
237,-3.002360605546088
238,-3.474103264253543
239,-3.8441479410484916
240,-3.867497164774818
241,-3.4325920142818664
242,-2.6045224319125504
243,-1.590556510171286
244,-0.6452170795874765
245,0.040056625887614994
246,0.4117473314991459
247,0.5612371956037534
248,0.6650458674851709
249,0.8911926908620496
250,1.319070093852887
251,1.910901521790323
252,2.545093235591737
253,3.0900537315087533
254,3.4774734513170036
255,3.7362296557663983
256,3.9703159589027237
257,4.294544953412723
258,4.764283343226732
259,5.3384435994839485
260,5.8969261298147355
261,6.3042060519502865
262,6.485341474124759
263,6.472863799395728
264,6.39723748180362
265,6.422817528255486
266,6.660492040039214
267,7.102159564651623
268,7.613124648018064
269,7.990360469942956
270,8.061220446043746
271,7.775411103631889
272,7.244195579003928
273,6.704893451925713
274,6.42430491300827
275,6.584363623464709
276,7.202484372031974
277,8.12310427449717
278,9.083540832847316
279,9.822744512804594
280,10.182513485638573
281,10.15618816116202
282,9.866566140377305
283,9.489206524529912
284,9.162359581398176
285,8.928442368489362
286,8.733213018799393
287,8.477783707638565
288,8.091481771545302
289,7.584089115728171
290,7.048599901312682
291,6.613304111963775
292,6.369976999978865
293,6.318439273458646
294,6.359583895293747
295,6.343319295627199
296,6.148137711426447
297,5.7508668143416255
298,5.248459205366317
299,4.817256310884986
300,-4.817256310884986
301,-5.248459205366317
302,-5.7508668143416255
303,-6.148137711426447
304,-6.343319295627199
305,-6.359583895293747
306,-6.318439273458646
307,-6.369976999978865
308,-6.613304111963775
309,-7.048599901312682
310,-7.584089115728171
311,-8.091481771545302
312,-8.477783707638565
313,-8.733213018799393
314,-8.928442368489362
315,-9.162359581398176
316,-9.489206524529912
317,-9.866566140377305
318,-10.15618816116202
319,-10.182513485638573
320,-9.822744512804594
321,-9.083540832847316
322,-8.12310427449717
323,-7.202484372031974
324,-6.584363623464709
325,-6.42430491300827
326,-6.704893451925713
327,-7.244195579003928
328,-7.775411103631889
329,-8.061220446043746
330,-7.990360469942956
331,-7.613124648018064
332,-7.102159564651623
333,-6.660492040039214
334,-6.422817528255486
335,-6.39723748180362
336,-6.472863799395728
337,-6.485341474124759
338,-6.3042060519502865
339,-5.8969261298147355
340,-5.3384435994839485
341,-4.764283343226732
342,-4.294544953412723
343,-3.9703159589027237
344,-3.7362296557663983
345,-3.4774734513170036
346,-3.0900537315087533
347,-2.545093235591737
348,-1.910901521790323
349,-1.319070093852887
350,-0.8911926908620496
351,-0.6650458674851709
352,-0.5612371956037534
353,-0.4117473314991459
354,-0.040056625887614994
355,0.6452170795874765
356,1.590556510171286
357,2.6045224319125504
358,3.4325920142818664
359,3.867497164774818
360,3.8441479410484916
361,3.474103264253543
362,3.002360605546088
363,2.7056182016370394
364,2.7784691289850163
365,3.2590077030393854
366,4.025817951653868
367,4.864042617720171
368,5.566069092998793
369,6.017871405685209
370,6.231775642296289
371,6.314823601977308
372,6.394316686742149
373,6.542225416730624
374,6.738241700963515
375,6.888997962667353
376,6.8903776662730305
377,6.696944927923956
378,6.359148165193278
379,6.00665627679727
380,5.7855184980343415
381,5.78228831853896
382,5.976294052008453
383,6.247376221023153
384,6.437574185606867
385,6.436300851497085
386,6.2446902269493
387,5.983699563414522
388,5.838247549230835
389,5.962444427657765
390,6.392169645928953
391,7.009748129790179
392,7.581403573820674
393,7.85303740635797
394,7.660948377683254
395,7.005786077652945
396,6.05467607005309
397,5.070122263704918
398,4.298639735326168
399,3.8704392215773304
400,3.7551325157576154
401,3.7908027727190388
402,3.768704232823348
403,3.530555007063893
404,3.031923804925449
405,2.34456830559047
406,1.6023757769093232
407,0.9234548500072153
408,0.35098709287139995
409,-0.1568781049656568
410,-0.6855095053552485
411,-1.2963804993064683
412,-1.973473803465677
413,-2.6156352228878785
414,-3.0818844621344077
415,-3.2673007101771905
416,-3.1690512462311053
417,-2.905258308628398
418,-2.6725904638789517
419,-2.6600962706193276
420,-2.9605991986715585
421,-3.5243497103616312
422,-4.18020977590731
423,-4.716672908748635
424,-4.98485319332523
425,-4.973486253687721
426,-4.818431409998216
427,-4.740412782880975
428,-4.9395941103195105
429,-5.496900116451562
430,-6.32920629939992
431,-7.219906379594072
432,-7.9104540222838935
433,-8.20980054484553
434,-8.07106913385934
435,-7.601668980896545
436,-7.005655441448882
437,-6.489193321878345
438,-6.175803243365807
439,-6.07039862008879
440,-6.084573045543075
441,-6.104137540292124
442,-6.059619920433473
443,-5.9613373493001935
444,-5.881672294110249
445,-5.896880431416763
446,-6.023330285264935
447,-6.186560796151819
448,-6.24403353794896
449,-6.0530903446103785
450,-5.549886066466534
451,-4.796760575800127
452,-3.969574071966369
453,-3.286310834278021
454,-2.9087809334097994
455,-2.864773404776808
456,-3.0300932705736923
457,-3.1818517165263844
458,-3.0997546519451507
459,-2.668106317971455
460,-1.9299547005045699
461,-1.0672318283623787
462,-0.31609956927046046
463,0.14225635411561183
464,0.26361412446802607
465,0.15726357288687876
466,0.030733603235182927
467,0.09072982693543213
468,0.44847287747131687
469,1.0739602066558098
470,1.8185071775153814
471,2.491167122365656
472,2.9491816716788652
473,3.157847051411399
474,3.192827146210185
475,3.188402269185665
476,3.262546068105302
477,3.4601067386613718
478,3.7437798998187004
479,4.035491714624103
480,4.282743907113197
481,4.510329778154648
482,4.8252183570779
483,5.367632192040692
484,6.231275792849449
485,7.39447066279677
486,8.701287835081207
487,9.908264556042619
488,10.779407096483414
489,11.18652229923176
490,11.166835370780895
491,10.908569130908097
492,10.668970932448412
493,10.661730859478627
494,10.965804020687147
495,11.497728461950421
496,12.059302923003644
497,12.436660331281827
498,12.50279836979708
499,12.275069352856944
500,11.90196321894765
501,11.588223098072877
502,11.496716351079339
503,11.67526176960087
504,12.042469962069688
505,12.436236425502313
506,12.697427474472903
507,12.745099253757664
508,12.606015144820034
509,12.386373666390666
510,12.204164260180676
511,12.120566102438843
512,12.108091998959255
513,12.072414143918031
514,11.915100269762148
515,11.601604857325992
516,11.195033581801486
517,10.833744927982012
518,10.660880797057372
519,10.74082819590922
520,11.007101216724834
521,11.272615129477424
522,11.302986490526301
523,10.921335913742501
524,10.09541645523976
525,8.96411015967412
526,7.787984091372764
527,6.844464659110933
528,6.314776088025164
529,6.213992994809153
530,6.395214429890473
531,6.623862723387376
532,6.68549049778119
533,6.476004161942771
534,6.033582479887152
535,5.501198938354167
536,5.042587906858845
537,4.755948057349994
538,4.62842835250343
539,4.551814396314445
540,4.387826792638579
541,4.0465072792939125
542,3.535806051049933
543,2.9569642098759683
544,2.449633052958015
545,2.117403692430732
546,1.9745754088177654
547,1.9433304437019592
548,1.9031747459309711
549,1.7659235732403407
550,1.534798103535513
551,1.313392557964637
552,1.2560573664884567
553,1.482530629279444
554,2.0001973126872374
555,2.676105182780283
556,3.2777242060541427
557,3.5675250374168512
558,3.4086507911729136
559,2.831439322017307
560,2.027593837190656
561,1.27248297082109
562,0.810091312033187
563,0.7529194725360705
564,1.0419460793931534
565,1.4831498848670253
566,1.8410611093824452
567,1.9438870241304524
568,1.7512878038144783
569,1.3560006649384013
570,0.9237362056071953
571,0.6053794110152579
572,0.4669987932423729
573,0.4714005581806212
574,0.5166650232744464
575,0.5071766105847522
576,0.416509749665409
577,0.30719716697220234
578,0.29653279624472595
579,0.48725260446847457
580,0.9014824150773262
581,1.4553687071569916
582,1.990666893216945
583,2.349182913600582
584,2.4522497313960088
585,2.343029768875448
586,2.1671764404489786
587,2.0986227901433123
588,2.2461761916195893
589,2.5882007858386937
590,2.9705014026418777
591,3.1720896944458374
592,3.0096955223175677
593,2.4315642022117037
594,1.5546637655469342
595,0.6255609603452061
596,-0.07864622567695617
597,-0.3644139059471598
598,-0.19889172378386627
599,0.2840414393230908
600,0.8491963795427269
601,1.2640801444939291
602,1.3920661895161532
603,1.2330215622027825
604,0.8971853129601101
605,0.5312141350491882
606,0.2374597325555235
607,0.02804832859421158
608,-0.16529274129861016
609,-0.43524920779569987
610,-0.8307617315078396
611,-1.3163684547210304
612,-1.7830027318195236
613,-2.1055765662264805
614,-2.21637929299724
615,-2.1533795759098084
616,-2.054472392277847
617,-2.0966575542717467
618,-2.4086872460191744
619,-3.001373885618017
620,-3.7529004351457047
621,-4.459973222724279
622,-4.93254382703955
623,-5.086835413300663
624,-4.990495480859189
625,-4.8358860996298585
626,-4.8522204302472165
627,-5.197421790542316
628,-5.881205844027021
629,-6.756503824116568
630,-7.583828530236745
631,-8.138381249412985
632,-8.309579364340655
633,-8.146945716038163
634,-7.83259733900689
635,-7.595770365697132
636,-7.611608255391809
637,-7.93196192518349
638,-8.478111179858073
639,-9.093652862978553
640,-9.626498326394318
641,-9.996567459136827
642,-10.216018198903965
643,-10.355733570605594
644,-10.480931142872949
645,-10.594881370399502
646,-10.62451540677348
647,-10.458085307085057
648,-10.015594950586788
649,-9.313157803513072
650,-8.48341775067799
651,-7.7357004121958255
652,-7.2708661408004875
653,-7.19078089403418
654,-7.447680587782124
655,-7.861027808503471
656,-8.197028003525778
657,-8.274788044226352
658,-8.048891619760143
659,-7.62842674184883
660,-7.222596902709475
661,-7.038394616974599
662,-7.1790719296262715
663,-7.591828540549385
664,-8.089369055398095
665,-8.434422539996833
666,-8.44639091067796
667,-8.079525415900195
668,-7.436887256960162
669,-6.716116567631622
670,-6.115792341210093
671,-5.748807470555453
672,-5.603438333916328
673,-5.567222766037171
674,-5.4967755420365485
675,-5.294578118948526
676,-4.952495693387877
677,-4.541358860307199
678,-4.155731483029701
679,-3.84718804435286
680,-3.5853374076061932
681,-3.270393915646433
682,-2.792469156982486
683,-2.1060956184133
684,-1.2780975567331798
685,-0.47877774900961756
686,0.08507043190955527
687,0.2659976044563559
688,0.05412508199503091
689,-0.40278503205041005
690,-0.8512303664660397
691,-1.034935274309174
692,-0.8024454413618087
693,-0.16945978893930058
694,0.6932604875498253
695,1.540525412269528
696,2.163681726996558
697,2.4798315242895654
698,2.558492249594191
699,2.5755937834130673
700,2.7196629003543467
701,3.097138653064304
702,3.6824580937834077
703,4.335030854660437
704,4.871631355009264
705,5.155974013481197
706,5.160421876224336
707,4.970745665648825
708,4.73489419203164
709,4.5852136162936095
710,4.575935206881087
711,4.668027445794658
712,4.767159485439654
713,4.791589007012081
714,4.730554452464527
715,4.6588211400532655
716,4.696844913336337
717,4.936139553010023
718,5.369945985453078
719,5.8690431815824455
720,6.220978780030469
721,6.218680044588568
722,5.757726723738573
723,4.89445971204493
724,3.8338660360062318
725,2.849125346787985
726,2.1678138253449264
727,1.8766399020345168
728,1.8886561699829805
729,1.9877546766422882
730,1.9289800779268684
731,1.5473905896751143
732,0.8252885986423361
733,-0.11123914912041155
734,-1.0610412920344878
735,-1.845648536606563
736,-2.387646944895725
737,-2.7331954476979043
738,-3.0116020699560178
739,-3.3565902111896313
740,-3.8319600887641347
741,-4.400062423896975
742,-4.947660545302983
743,-5.353087103088259
744,-5.557104844219388
745,-5.598595687629121
746,-5.595569362936221
747,-5.681686725831794
748,-5.932839741948916
749,-6.324392972725495
750,-6.744038836090014
751,-7.055766136004814
752,-7.1824516445027236
753,-7.162842965306939
754,-7.149851476398763
755,-7.3460515909834125
756,-7.904704917333389
757,-8.843987705226215
758,-10.018139244376252
759,-11.163272589660558
760,-11.999993504131773
761,-12.347176429809084
762,-12.195034371642747
763,-11.704249923804644
764,-11.132459879320512
765,-10.723057796225225
766,-10.60783512247566
767,-10.766670752283058
768,-11.058818264816711
769,-11.305746986999331
770,-11.382013380450651
771,-11.269446692569678
772,-11.050867545565941
773,-10.851416697702327
774,-10.76194209501816
775,-10.786537002447218
776,-10.841837572350167
777,-10.807090061009713
778,-10.596461641454674
779,-10.213045497148748
780,-9.753766583134638
781,-9.36079240126377
782,-9.144220942241887
783,-9.117327947747505
784,-9.180536006054169
785,-9.165728590821546
786,-8.92095845603532
787,-8.393291642504328
788,-7.666352001246903
789,-6.93034035601083
790,-6.3957076284173615
791,-6.190624636568873
792,-6.292166015050076
793,-6.526340921362748
794,-6.639599620093745
795,-6.409992701227222
796,-5.746668816361005
797,-4.731511079225111
798,-3.5839973564064214
799,-2.5665125008203753
800,-1.8747597775353446
801,-1.5634735939122892
802,-1.539076114952016
803,-1.6178680682176012
804,-1.6173523067718678
805,-1.4345031522850902
806,-1.0744275108121462
807,-0.6202546368220077
808,-0.1657851561364686
809,0.24934440444455008
810,0.6655078314031724
811,1.1760493868934663
812,1.8631412580810722
813,2.7333208586412536
814,3.690632059121022
815,4.565812878711575
816,5.189942506153205
817,5.476124114915764
818,5.466410853354576
819,5.317160990787937
820,5.226669384256402
821,5.338821460771682
822,5.670236584708726
823,6.098420254078158
824,6.419225403847689
825,6.447681268809672
826,6.114032770519324
827,5.5079459380327345
828,4.848092399673723
829,4.390043130963603
830,4.315133672616629
831,4.652150741199644
832,5.267882830404645
833,5.929619187710902
834,6.408774459015419
835,6.576445369306266
836,6.447480696947354
837,6.156137765706069
838,5.880025594773804
839,5.752996292108675
840,5.810378366552502
841,5.990826413995736
842,6.188518285754226
843,6.323452140245796
844,6.389487386910585
845,6.453374171496161
846,6.605823976216702
847,6.892813511762752
848,7.267286914766221
849,7.591654777984566
850,7.694801537919317
851,7.457504573326971
852,6.882945576168097
853,6.11384285985409
854,5.382900320686412
855,4.91646153858634
856,4.835750704112665
857,5.1031775099317
858,5.540735380666927
859,5.913196750488045
860,6.037385067294856
861,5.8658455783612045
862,5.505305580807491
863,5.161633858790124
864,5.038286413102639
865,5.2372259860059245
866,5.709388314834604
867,6.277134755053604
868,6.716133697667226
869,6.856040090124042
870,6.651784308398495
871,6.19343308605684
872,5.6538161449765205
873,5.203479488291336
874,4.936897754687018
875,4.8455375543866905
876,4.847260849806767
877,4.851596884234341
878,4.822212997212976
879,4.800769247649894
880,4.878473523229741
881,5.131203386086127
882,5.555266084964128
883,6.042264553479555
884,6.411963913866788
885,6.491365428257965
886,6.202288598761245
887,5.612424363905787
888,4.920565680923886
889,4.378281916288551
890,4.182128305473035
891,4.3864969423199724
892,4.878962896481383
893,5.431003581162483
894,5.801205434785533
895,5.842990454587633
896,5.566829584265581
897,5.128904349195032
898,4.753448794687914
899,4.6272919116338445
900,4.81725631088495
901,5.248459205366264
902,5.750866814341615
903,6.148137711426434
904,6.343319295627149
905,6.359583895293733
906,6.318439273458693
907,6.369976999978875
908,6.613304111963763
909,7.048599901312717
910,7.584089115728136
911,8.09148177154531
912,8.477783707638562
913,8.73321301879942
914,8.928442368489373
915,9.16235958139814
916,9.489206524529882
917,9.866566140377268
918,10.156188161162017
919,10.182513485638559
920,9.822744512804633
921,9.083540832847401
922,8.12310427449721
923,7.2024843720319875
924,6.584363623464703
925,6.424304913008227
926,6.704893451925669
927,7.244195579003874
928,7.775411103631876
929,8.061220446043741
930,7.990360469942978
931,7.613124648018145
932,7.102159564651686
933,6.660492040039268
934,6.422817528255494
935,6.397237481803649
936,6.472863799395708
937,6.485341474124739
938,6.304206051950278
939,5.896926129814722
940,5.338443599483973
941,4.764283343226722
942,4.294544953412725
943,3.970315958902745
944,3.7362296557663974
945,3.4774734513170213
946,3.0900537315087604
947,2.5450932355917564
948,1.9109015217903744
949,1.3190700938528812
950,0.8911926908620441
951,0.665045867485164
952,0.5612371956037571
953,0.411747331499173
954,0.040056625887653796
955,-0.6452170795874042
956,-1.5905565101712804
957,-2.6045224319125055
958,-3.432592014281753
959,-3.867497164774794
960,-3.844147941048506
961,-3.474103264253533
962,-3.0023606055461425
963,-2.7056182016370824
964,-2.778469128985024
965,-3.2590077030393294
966,-4.025817951653878
967,-4.864042617720136
968,-5.566069092998718
969,-6.017871405685219
970,-6.231775642296285
971,-6.314823601977356
972,-6.394316686742156
973,-6.542225416730637
974,-6.73824170096353
975,-6.8889979626673465
976,-6.890377666273036
977,-6.696944927923984
978,-6.359148165193294
979,-6.006656276797234
980,-5.7855184980343095
981,-5.782288318538944
982,-5.9762940520084165
983,-6.247376221023103
984,-6.43757418560691
985,-6.436300851497098
986,-6.244690226949327
987,-5.983699563414587
988,-5.83824754923086
989,-5.962444427657774
990,-6.392169645928911
991,-7.009748129790187
992,-7.581403573820638
993,-7.853037406357991
994,-7.66094837768326
995,-7.005786077653036
996,-6.054676070053116
997,-5.070122263704988
998,-4.298639735326242
999,-3.870439221577347
1000,-3.7551325157576314
1001,-3.7908027727190494
1002,-3.7687042328233216
1003,-3.5305550070639153
1004,-3.0319238049254373
1005,-2.344568305590526
1006,-1.602375776909342
1007,-0.9234548500072518
1008,-0.35098709287147806
1009,0.15687810496566584
1010,0.6855095053552211
1011,1.2963804993064472
1012,1.9734738034656485
1013,2.6156352228878057
1014,3.08188446213442
1015,3.267300710177188
1016,3.1690512462311253
1017,2.9052583086283854
1018,2.6725904638789775
1019,2.6600962706192663
1020,2.960599198671501
1021,3.5243497103615997
1022,4.180209775907285
1023,4.716672908748583
1024,4.984853193325253
1025,4.9734862536877795
1026,4.818431409998214
1027,4.7404127828809814
1028,4.939594110319509
1029,5.496900116451564
1030,6.329206299399833
1031,7.2199063795940965
1032,7.910454022283853
1033,8.209800544845473
1034,8.071069133859332
1035,7.601668980896609
1036,7.005655441448887
1037,6.489193321878377
1038,6.17580324336584
1039,6.07039862008878
1040,6.084573045543053
1041,6.104137540292104
1042,6.0596199204334775
1043,5.961337349300164
1044,5.881672294110258
1045,5.896880431416718
1046,6.0233302852649215
1047,6.186560796151817
1048,6.244033537948985
1049,6.053090344610405
1050,5.549886066466614
1051,4.79676057580014
1052,3.9695740719664383
1053,3.286310834278072
1054,2.908780933409798
1055,2.8647734047767885
1056,3.0300932705736705
1057,3.1818517165263778
1058,3.0997546519451546
1059,2.668106317971489
1060,1.9299547005046371
1061,1.0672318283624032
1062,0.3160995692704886
1063,-0.14225635411558818
1064,-0.2636141244680669
1065,-0.15726357288693485
1066,-0.030733603235223728
1067,-0.09072982693543957
1068,-0.44847287747134856
1069,-1.073960206655809
1070,-1.818507177515303
1071,-2.491167122365606
1072,-2.9491816716788395
1073,-3.157847051411417
1074,-3.1928271462101208
1075,-3.1884022691856617
1076,-3.262546068105315
1077,-3.4601067386614144
1078,-3.743779899818682
1079,-4.03549171462413
1080,-4.282743907113201
1081,-4.510329778154624
1082,-4.82521835707788
1083,-5.367632192040709
1084,-6.23127579284941
1085,-7.394470662796678
1086,-8.701287835081192
1087,-9.90826455604255
1088,-10.779407096483462
1089,-11.186522299231815
1090,-11.166835370780952
1091,-10.908569130908116
1092,-10.668970932448437
1093,-10.661730859478602
1094,-10.965804020687097
1095,-11.497728461950404
1096,-12.059302923003626
1097,-12.436660331281795
1098,-12.502798369797034
1099,-12.275069352856956
1100,-11.901963218947659
1101,-11.588223098072904
1102,-11.496716351079344
1103,-11.67526176960092
1104,-12.042469962069687
1105,-12.436236425502281
1106,-12.6974274744729
1107,-12.745099253757639
1108,-12.606015144820015
1109,-12.38637366639069
1110,-12.204164260180704
1111,-12.120566102438856
1112,-12.108091998959289
1113,-12.072414143918067
1114,-11.915100269762137
1115,-11.60160485732603
1116,-11.1950335818015
1117,-10.833744927982
1118,-10.660880797057374
1119,-10.74082819590921
1120,-11.007101216724742
1121,-11.272615129477362
1122,-11.302986490526324
1123,-10.921335913742489
1124,-10.095416455239793
1125,-8.964110159674238
1126,-7.78798409137279
1127,-6.844464659110983
1128,-6.3147760880251225
1129,-6.2139929948091694
1130,-6.395214429890431
1131,-6.623862723387368
1132,-6.685490497781189
1133,-6.476004161942785
1134,-6.033582479887173
1135,-5.501198938354227
1136,-5.042587906858868
1137,-4.7559480573500155
1138,-4.628428352503437
1139,-4.551814396314442
1140,-4.387826792638583
1141,-4.04650727929388
1142,-3.535806051049937
1143,-2.9569642098758804
1144,-2.4496330529579953
1145,-2.1174036924307584
1146,-1.9745754088177536
1147,-1.9433304437019687
1148,-1.9031747459309984
1149,-1.7659235732403618
1150,-1.5347981035355058
1151,-1.313392557964644
1152,-1.2560573664884536
1153,-1.4825306292794627
1154,-2.0001973126872015
1155,-2.6761051827802267
1156,-3.2777242060541396
1157,-3.567525037416868
1158,-3.408650791172896
1159,-2.8314393220173866
1160,-2.0275938371907336
1161,-1.2724829708211072
1162,-0.8100913120331885
1163,-0.7529194725360429
1164,-1.041946079393085
1165,-1.4831498848669296
1166,-1.8410611093824176
1167,-1.9438870241304458
1168,-1.7512878038144806
1169,-1.3560006649383811
1170,-0.9237362056072121
1171,-0.6053794110152598
1172,-0.4669987932423969
1173,-0.471400558180596
1174,-0.5166650232744783
1175,-0.5071766105847311
1176,-0.4165097496653696
1177,-0.30719716697216765
1178,-0.29653279624473045
1179,-0.48725260446843865
1180,-0.9014824150772853
1181,-1.455368707157048
1182,-1.9906668932169227
1183,-2.3491829136006133
1184,-2.4522497313959932
1185,-2.3430297688754775
1186,-2.1671764404489666
1187,-2.0986227901432644
1188,-2.2461761916195613
1189,-2.5882007858386333
1190,-2.970501402641772
1191,-3.1720896944457904
1192,-3.009695522317549
1193,-2.431564202211664
1194,-1.5546637655469824
1195,-0.6255609603453176
1196,0.07864622567695251
1197,0.36441390594715783
1198,0.1988917237838444
1199,-0.2840414393230205
1200,-0.8491963795426809
1201,-1.2640801444938965
1202,-1.3920661895161721
1203,-1.2330215622027534
1204,-0.8971853129601285
1205,-0.5312141350492208
1206,-0.23745973255553726
1207,-0.028048328594239558
1208,0.16529274129860128
1209,0.435249207795684
1210,0.8307617315078113
1211,1.3163684547210515
1212,1.7830027318195418
1213,2.1055765662265262
1214,2.216379292997299
1215,2.1533795759098546
1216,2.054472392277878
1217,2.096657554271721
1218,2.408687246019187
1219,3.001373885617999
1220,3.752900435145636
1221,4.459973222724272
1222,4.932543827039567
1223,5.0868354133007045
1224,4.990495480859158
1225,4.835886099629844
1226,4.852220430247228
1227,5.197421790542265
1228,5.881205844027012
1229,6.756503824116546
1230,7.5838285302366515
1231,8.138381249412939
1232,8.30957936434063
1233,8.14694571603821
1234,7.832597339006922
1235,7.595770365697148
1236,7.611608255391853
1237,7.931961925183485
1238,8.478111179858042
1239,9.093652862978571
1240,9.626498326394307
1241,9.9965674591368
1242,10.21601819890396
1243,10.355733570605576
1244,10.480931142872908
1245,10.594881370399497
1246,10.624515406773478
1247,10.458085307085037
1248,10.015594950586786
1249,9.313157803513075
1250,8.483417750677996
1251,7.735700412195832
1252,7.270866140800528
1253,7.190780894034154
1254,7.447680587782112
1255,7.861027808503467
1256,8.197028003525768
1257,8.27478804422638
1258,8.04889161976013
1259,7.628426741848807
1260,7.222596902709438
1261,7.0383946169745935
1262,7.179071929626242
1263,7.59182854054939
1264,8.089369055398123
1265,8.43442253999685
1266,8.446390910677975
1267,8.079525415900235
1268,7.43688725696013
1269,6.716116567631653
1270,6.115792341210136
1271,5.748807470555437
1272,5.603438333916352
1273,5.567222766037186
1274,5.496775542036514
1275,5.294578118948535
1276,4.952495693387894
1277,4.541358860307216
1278,4.155731483029723
1279,3.847188044352889
1280,3.5853374076061946
1281,3.2703939156464514
1282,2.792469156982552
1283,2.1060956184132595
1284,1.2780975567331885
1285,0.4787777490096866
1286,-0.0850704319095485
1287,-0.2659976044563648
1288,-0.05412508199503424
1289,0.4027850320503604
1290,0.8512303664659617
1291,1.0349352743091658
1292,0.8024454413618374
1293,0.1694597889393328
1294,-0.6932604875497422
1295,-1.540525412269472
1296,-2.1636817269965682
1297,-2.4798315242895934
1298,-2.5584922495942157
1299,-2.575593783413063
1300,-2.7196629003543142
1301,-3.0971386530643485
1302,-3.682458093783353
1303,-4.335030854660464
1304,-4.8716313550092645
1305,-5.155974013481212
1306,-5.160421876224324
1307,-4.97074566564885
1308,-4.734894192031628
1309,-4.585213616293597
1310,-4.575935206881093
1311,-4.668027445794627
1312,-4.767159485439643
1313,-4.7915890070121
1314,-4.730554452464528
1315,-4.6588211400532655
1316,-4.696844913336369
1317,-4.9361395530100305
1318,-5.369945985453063
1319,-5.869043181582404
1320,-6.220978780030457
1321,-6.218680044588525
1322,-5.757726723738632
1323,-4.894459712044874
1324,-3.8338660360062837
1325,-2.849125346788057
1326,-2.1678138253449184
1327,-1.8766399020345443
1328,-1.8886561699829836
1329,-1.987754676642305
1330,-1.9289800779269048
1331,-1.5473905896751272
1332,-0.8252885986423633
1333,0.11123914912038688
1334,1.061041292034417
1335,1.8456485366065196
1336,2.3876469448957276
1337,2.73319544769789
1338,3.011602069956057
1339,3.356590211189583
1340,3.8319600887640872
1341,4.400062423896997
1342,4.9476605453029245
1343,5.353087103088299
1344,5.557104844219401
1345,5.5985956876291745
1346,5.5955693629361845
1347,5.681686725831775
1348,5.932839741948927
1349,6.324392972725466
1350,6.744038836089999
1351,7.055766136004806
1352,7.182451644502732
1353,7.162842965306899
1354,7.149851476398763
1355,7.346051590983345
1356,7.904704917333422
1357,8.843987705226157
1358,10.01813924437629
1359,11.163272589660501
1360,11.999993504131744
1361,12.347176429809059
1362,12.195034371642757
1363,11.704249923804605
1364,11.132459879320537
1365,10.72305779622527
1366,10.607835122475626
1367,10.766670752283027
1368,11.05881826481671
1369,11.305746986999322
1370,11.382013380450683
1371,11.269446692569693
1372,11.050867545565973
1373,10.851416697702357
1374,10.761942095018155
1375,10.786537002447211
1376,10.841837572350158
1377,10.807090061009733
1378,10.596461641454685
1379,10.21304549714877
1380,9.753766583134693
1381,9.360792401263863
1382,9.14422094224194
1383,9.117327947747519
1384,9.180536006054197
1385,9.165728590821555
1386,8.920958456035306
1387,8.393291642504414
1388,7.666352001246972
1389,6.9303403560108325
1390,6.395707628417424
1391,6.190624636568916
1392,6.292166015050059
1393,6.526340921362748
1394,6.63959962009381
1395,6.4099927012273
1396,5.74666881636101
1397,4.7315110792251796
1398,3.5839973564063414
1399,2.5665125008204757
1400,1.8747597775354188
1401,1.5634735939123279
1402,1.5390761149519978
1403,1.6178680682176085
1404,1.6173523067718727
1405,1.4345031522851224
1406,1.074427510812159
1407,0.6202546368220778
1408,0.16578515613649636
1409,-0.24934440444452588
1410,-0.6655078314031313
1411,-1.1760493868934816
1412,-1.8631412580809883
1413,-2.733320858641235
1414,-3.6906320591209165
1415,-4.565812878711473
1416,-5.189942506153195
1417,-5.4761241149157325
1418,-5.466410853354568
1419,-5.317160990787926
1420,-5.2266693842564145
1421,-5.338821460771694
1422,-5.670236584708731
1423,-6.098420254078195
1424,-6.419225403847692
1425,-6.447681268809696
1426,-6.114032770519342
1427,-5.507945938032732
1428,-4.848092399673757
1429,-4.390043130963634
1430,-4.315133672616621
1431,-4.652150741199648
1432,-5.267882830404703
1433,-5.929619187710991
1434,-6.408774459015417
1435,-6.576445369306364
1436,-6.447480696947371
1437,-6.156137765706068
1438,-5.880025594773837
1439,-5.752996292108664
1440,-5.810378366552498
1441,-5.990826413995805
1442,-6.188518285754196
1443,-6.3234521402458315
1444,-6.3894873869106235
1445,-6.453374171496271
1446,-6.605823976216817
1447,-6.892813511762781
1448,-7.267286914766224
1449,-7.591654777984557
1450,-7.69480153791932
1451,-7.457504573326882
1452,-6.882945576168159
1453,-6.11384285985409
1454,-5.382900320686492
1455,-4.916461538586355
1456,-4.835750704112694
1457,-5.103177509931671
1458,-5.54073538066703
1459,-5.913196750488105
1460,-6.037385067294885
1461,-5.865845578361205
1462,-5.505305580807591
1463,-5.161633858790069
1464,-5.038286413102609
1465,-5.23722598600594
1466,-5.709388314834601
1467,-6.2771347550536385
1468,-6.716133697667268
1469,-6.8560400901240595
1470,-6.651784308398535
1471,-6.193433086056884
1472,-5.65381614497656
1473,-5.203479488291364
1474,-4.936897754686985
1475,-4.845537554386721
1476,-4.8472608498067755
1477,-4.8515968842343575
1478,-4.822212997213008
1479,-4.800769247649918
1480,-4.878473523229758
1481,-5.131203386086134
1482,-5.555266084964128
1483,-6.04226455347952
1484,-6.411963913866751
1485,-6.491365428257919
1486,-6.2022885987612035
1487,-5.612424363905739
1488,-4.92056568092388
1489,-4.378281916288514
1490,-4.182128305473011
1491,-4.386496942319994
1492,-4.878962896481381
1493,-5.431003581162444
1494,-5.801205434785488
1495,-5.842990454587637
1496,-5.566829584265551
1497,-5.128904349195068
1498,-4.753448794687793
1499,-4.62729191163373
