,Time,V,Pitch_Deg,Pitch_Rad,Theta_dot_deg
0,0.0,0.0,0.0,0.0,
1,0.2117615,-0.5118558,0.0,0.0,0.0
2,0.4128418,-0.4932536,0.0,0.0,0.0
3,0.6291809,-0.7562499,0.0,0.0,0.0
4,0.8459167,-0.86510124,1.4810513889599997,0.02584922312858719,6.833441401743506
5,1.062347,-0.4581341,3.5072466580799997,0.061213001863063776,9.361883567688999
6,1.262573,-0.037090299999999965,3.5072466580799997,0.061213001863063776,0.0
7,1.478546,0.22953470000000004,3.5072466580799997,0.061213001863063776,0.0
8,1.67984,0.48314970000000007,3.5072466580799997,0.061213001863063776,0.0
9,1.895447,0.9331751000000001,3.5072466580799997,0.061213001863063776,0.0
10,2.095764,1.30247346,2.7534445606799998,0.04805667335499479,-3.7630460589964927
11,2.295898,1.4676807,2.600455734359999,0.04538651461694902,-0.7644319621853376
12,2.512115,1.4998949000000001,1.789798907159999,0.031237883878538295,-3.749274234680903
13,2.728821,1.5381358,-0.10226279844000113,-0.0017848225350813407,-8.731007473720162
14,2.928864,1.271193,-2.848821144840002,-0.0497213087778923,-13.72983981643947
15,3.129547,0.8544401,-2.848821144840002,-0.0497213087778923,0.0
16,3.346283,0.5180943000000001,-2.848821144840002,-0.0497213087778923,0.0
17,3.562073,0.44469120000000006,-2.848821144840002,-0.0497213087778923,0.0
18,3.778992,0.34443290000000004,-0.491236095240001,-0.008573687266578462,10.868504140255107
19,3.995544,0.2355872,2.1478937871599997,0.0374878185690723,12.187049218663415
20,4.212372,0.1851185999999999,2.1478937871599997,0.0374878185690723,0.0
21,4.429047,0.5101929999999999,2.1478937871599997,0.0374878185690723,0.0
22,4.645203,1.0791152,2.1478937871599997,0.0374878185690723,0.0
23,4.845673,1.4511574299999999,2.1478937871599997,0.0374878185690723,0.0
24,5.062897,1.67852029,2.1478937871599997,0.0374878185690723,0.0
25,5.278687,1.9181040999999999,0.7542586141199997,0.013164296227923387,-6.458293586542493
26,5.479401,2.0154052,-0.3965881748400004,-0.006921769425432944,-5.733764405871026
27,5.696014,1.9134027,-1.9929049786800004,-0.034782753557353406,-7.369441371662837
28,5.912262,1.5194952,-4.105125101880001,-0.07164794923407368,-9.767582235211416
29,6.112396,1.19707338,-4.171496182920001,-0.07280634312632966,-0.3316332109486673
30,6.328918,0.84204374,-4.171496182920001,-0.07280634312632966,0.0
31,6.544983,0.2903064,-4.171496182920001,-0.07280634312632966,0.0
32,6.745605,-0.2657762,-4.171496182920001,-0.07280634312632966,0.0
33,6.962128,-0.59251315,1.5806337821999996,0.027587263767640934,26.565907386836557
34,7.178467,-0.4419196,5.640766072920003,0.0984499403072446,18.767454276482713
35,7.38031,-0.617398,5.640766072920003,0.0984499403072446,0.0
36,7.595612,-0.992159,5.640766072920003,0.0984499403072446,0.0
37,7.795746,-1.2050640000000001,3.188919955320003,0.05565715280288452,-12.25102240298998
38,8.01236,-1.2487709999999999,2.880876069720003,0.05028077275852776,-1.4220866869177502
39,8.212463,-1.280105,2.880876069720003,0.05028077275852776,0.0
40,8.412842,-1.4551,2.880876069720003,0.05028077275852776,0.0
41,8.628845,-1.470262,6.318364017240002,0.1102762554403738,15.914075024513501
42,8.845337,-1.201194,6.318364017240002,0.1102762554403738,0.0
43,9.045624,-0.8960890000000004,6.318364017240002,0.1102762554403738,0.0
44,9.262268,-0.537236,6.318364017240002,0.1102762554403738,0.0
45,9.462555,-0.059583000000000386,4.112170844760001,0.07177092064557863,-11.015159109078507
46,9.6633,0.48002500000000037,3.8037277357200017,0.06638757283774276,-1.536492112082495
47,9.878815,1.0034590000000003,3.8037277357200017,0.06638757283774276,0.0
48,10.07965,1.3637819999999996,2.7428450821200014,0.04787167755512828,-5.282359417432184
49,10.29535,1.7325060000000003,0.8814969939600006,0.015385024891034578,-8.629337450904108
50,10.49594,2.299331,0.8814969939600006,0.015385024891034578,0.0
51,10.69644,2.853639,0.7940807067600005,0.013859322859525602,-0.4359914573566051
52,10.9118,3.0180800000000003,-4.33079067564,-0.07558655650458779,-23.796765334324075
53,11.112,2.8875870000000003,-6.675649132679996,-0.11651205707316972,-11.712579705494448
54,11.3129,2.9959088000000005,-6.675649132679996,-0.11651205707316972,0.0
55,11.52896,3.2644215,-6.675649132679996,-0.11651205707316972,0.0
56,11.74603,3.3264998,-6.675649132679996,-0.11651205707316972,0.0
57,11.9462,3.0764612,-6.675649132679996,-0.11651205707316972,0.0
58,12.16266,2.575402,-10.149263241479991,-0.17713806021545817,-16.047371841448637
59,12.37967,1.8497609,-10.150736795495993,-0.1771637785847434,-0.006790258587170167
60,12.59518,0.9482116,-10.150736795495993,-0.1771637785847434,0.0
61,12.81259,0.022813199999999978,-9.270774345095994,-0.1618055365313461,4.0474791886297545
62,13.02881,-0.30421940000000003,1.258462843704004,0.021964320136645663,48.69686980297847
63,13.24512,-0.16385719999999998,3.881437066584005,0.06774385652084126,12.125996129998617
64,13.44583,-0.24171289999999998,3.881437066584005,0.06774385652084126,0.0
65,13.66223,-0.39386527,3.881437066584005,0.06774385652084126,0.0
66,13.87894,-0.2627693,3.881437066584005,0.06774385652084126,0.0
67,14.09592,0.019084199999999996,3.881437066584005,0.06774385652084126,0.0
68,14.31287,0.10352159999999999,3.881437066584005,0.06774385652084126,0.0
69,14.52835,0.047754900000000045,0.868098430584005,0.01515117584508633,-13.984307759420863
70,14.7291,0.04713119999999993,0.003851042184005095,6.721336574408222e-05,-4.305092843835593
71,14.94586,0.33550009999999997,0.003851042184005095,6.721336574408222e-05,0.0
72,15.16208,0.5712891,0.003851042184005095,6.721336574408222e-05,0.0
73,15.36246,0.6447906999999999,0.003851042184005095,6.721336574408222e-05,0.0
74,15.57922,0.7799988999999999,0.003851042184005095,6.721336574408222e-05,0.0
75,15.79581,1.0619118,0.003851042184005095,6.721336574408222e-05,0.0
76,16.01251,1.3570557,0.003851042184005095,6.721336574408222e-05,0.0
77,16.22894,1.6948613,0.003851042184005095,6.721336574408222e-05,0.0
78,16.4455,2.2339796,0.003851042184005095,6.721336574408222e-05,0.0
79,16.64594,2.6393459999999997,-3.630424250375995,-0.0633628564133081,-18.13148719097981
80,16.86212,2.1942859,-11.818796618375993,-0.20627691461423284,-37.87756669442106
81,17.0625,1.2747658,-12.298050969335993,-0.21464148099299327,-2.391727472602066
82,17.27887,0.40910899999999994,-12.023309939255991,-0.20984634542777647,1.2697741372648688
83,17.47928,0.040501999999999816,-4.141507782455985,-0.07228294680082599,39.32838758944207
84,17.67981,-0.03896600000000028,-1.6900607694959857,-0.029497124986493897,12.224839240811813
85,17.89554,-0.37601600000000013,-1.6900607694959857,-0.029497124986493897,0.0
86,18.11279,-0.6991329999999998,-1.6900607694959857,-0.029497124986493897,0.0
87,18.31296,-0.8174839999999999,-1.6900607694959857,-0.029497124986493897,0.0
88,18.52914,-0.9843469999999999,-0.44475930021598564,-0.007762514167634876,5.760484176519531
89,18.74542,-1.162763,4.4494990269840144,0.07765840808515508,22.629269128907225
90,18.94601,-1.2898423,4.586015480904013,0.08004106968920617,0.6805745746049032
91,19.1622,-1.386551,4.586015480904013,0.08004106968920617,0.0
92,19.3623,-1.4918472,4.586015480904013,0.08004106968920617,0.0
93,19.56235,-1.5802158,7.988204020104016,0.13942046147186238,17.006691023244425
94,19.77899,-1.2008259,10.207605626776813,0.17815632693235484,10.244652911155738
95,19.99536,-0.5968425000000002,10.207605626776813,0.17815632693235484,0.0
96,20.19589,-0.11503200000000002,10.207605626776813,0.17815632693235484,0.0
97,20.41217,0.10419899999999993,6.520690458136805,0.11380751799786472,-17.046953803587886
98,20.61273,-0.022591999999999945,0.7867407817368074,0.01373121700102136,-28.58969722975675
99,20.8298,0.10479499999999997,0.7867407817368074,0.01373121700102136,0.0
100,21.04498,0.4547639999999997,0.7867407817368074,0.01373121700102136,0.0
101,21.24612,0.606376,0.7867407817368074,0.01373121700102136,0.0
102,21.46167,0.62218,0.7867407817368074,0.01373121700102136,0.0
103,21.66217,0.744157,0.7867407817368074,0.01373121700102136,0.0
104,21.87958,0.9499950000000001,0.7867407817368074,0.01373121700102136,0.0
105,22.09586,0.9984199999999999,0.7867407817368074,0.01373121700102136,0.0
106,22.31247,0.913689,0.7867407817368074,0.01373121700102136,0.0
107,22.52869,0.929524,0.7867407817368074,0.01373121700102136,0.0
108,22.72922,1.0119219999999998,0.7867407817368074,0.01373121700102136,0.0
109,22.92923,1.0380509999999998,0.7867407817368074,0.01373121700102136,0.0
110,23.14514,1.096944,0.7867407817368074,0.01373121700102136,0.0
111,23.34583,1.3274920000000001,0.7867407817368074,0.01373121700102136,0.0
112,23.54584,1.5727285000000002,0.7867407817368074,0.01373121700102136,0.0
113,23.74594,1.5450233,-0.16492292554319266,-0.0028784480627501692,-4.755940566116879
114,23.9624,1.0974320000000002,-4.264569078343191,-0.0744307715958287,-18.939509160122142
115,24.16269,0.7053,-5.842347110503189,-0.10196819312265763,-7.877467832442847
116,24.36307,0.6280651,-5.842347110503189,-0.10196819312265763,0.0
117,24.57867,0.5765118,-5.842347110503189,-0.10196819312265763,0.0
118,24.77908,0.35519940000000005,-5.540390845783188,-0.09669806210627002,1.5066926037622814
119,24.99594,0.37502370000000007,0.822414315016812,0.014353837612577212,29.340612195886678
120,25.21219,0.8038904,0.9463974956568119,0.0165177523318401,0.5733326272369972
121,25.42892,1.2686431,0.9463974956568119,0.0165177523318401,0.0
122,25.64539,1.6577666,0.9463974956568119,0.0165177523318401,0.0
123,25.84579,2.0473339,0.9463974956568119,0.0165177523318401,0.0
124,26.0462,2.531889,0.9463974956568119,0.0165177523318401,0.0
125,26.26151,2.8839321,-2.4352275555431873,-0.042502738879521704,-15.705842976173715
126,26.46194,2.7322569,-6.613971698743191,-0.11543558277679118,-20.848895590480772
127,26.67926,2.43236272,-6.843275847223192,-0.11943769515624916,-1.0551451706239678
128,26.8793,2.2714533,-6.843275847223192,-0.11943769515624916,0.0
129,27.0957,1.9320811,-8.424869458183194,-0.14704171109600747,-7.308658091312386
130,27.29584,1.142016,-9.760810068583195,-0.1703582733585903,-6.67503053062865
131,27.51212,0.21940300000000024,-9.760810068583195,-0.1703582733585903,0.0
132,27.71249,-0.3452820000000001,-9.760810068583195,-0.1703582733585903,0.0
133,27.92947,-0.8209139999999997,-9.760810068583195,-0.1703582733585903,0.0
134,28.1452,-1.3233890000000001,-1.2104042045831995,-0.02112553864995987,39.63475577805577
135,28.34552,-1.487568,5.8975552650168,0.10293175719286991,35.4830245087857
136,28.56213,-1.4896260000000001,6.281556433336799,0.10963384191155884,1.7727767338534677
137,28.77914,-1.4429919999999998,6.281556433336799,0.10963384191155884,0.0
138,28.99591,-1.5089836,6.281556433336799,0.10963384191155884,0.0
139,29.21268,-1.5667665,6.281556433336799,0.10963384191155884,0.0
140,29.4285,-1.40670252,6.281556433336799,0.10963384191155884,0.0
141,29.6293,-1.179897,6.281556433336799,0.10963384191155884,0.0
142,29.8298,-1.0294046,6.281556433336799,0.10963384191155884,0.0
143,30.04617,0.61339072,6.281556433336799,0.10963384191155884,0.0
144,30.26205,0.7575981,6.281556433336799,0.10963384191155884,0.0
145,30.47906,0.9631649,6.281556433336799,0.10963384191155884,0.0
146,30.6954,1.10338334,2.5456233709368,0.044429509338564085,-17.268804023296745
147,30.91168,0.5983727000000001,-2.2340448322632,-0.038991437960157284,-22.09944610319944
148,31.1127,-0.06964219999999988,-2.292854770879201,-0.04001786502190226,-0.2925576490697498
149,31.32904,-0.7000289000000001,-2.292854770879201,-0.04001786502190226,0.0
150,31.52905,-1.2609012000000002,-2.292854770879201,-0.04001786502190226,0.0
151,31.72916,-1.8448697,-0.8678310300792016,-0.015146508825856015,7.121202042876463
152,31.94589,-1.8708401000000001,7.960456508320796,0.13893617603200928,40.73403561297498
153,32.16187,-1.2169729999999999,8.289669175840798,0.1446820210195067,1.5242738564681877
154,32.37823,-0.45344300000000004,8.289669175840798,0.1446820210195067,0.0
155,32.57852,-0.0015480000000001048,8.289669175840798,0.1446820210195067,0.0
156,32.7789,0.26843899999999987,8.289669175840798,0.1446820210195067,0.0
157,32.97961,0.720694,8.289669175840798,0.1446820210195067,0.0
158,33.19516,1.538223,8.289669175840798,0.1446820210195067,0.0
159,33.39569,2.314898,8.289669175840798,0.1446820210195067,0.0
160,33.59573,2.9766469999999994,8.289669175840798,0.1446820210195067,0.0
161,33.81247,3.768375,8.289669175840798,0.1446820210195067,0.0
162,34.02942,4.526509,-0.2502692201592002,-0.004368021908176611,-39.36362477990244
163,34.24597,4.462915,-10.683177983359199,-0.186456630386186,-48.17782850704269
164,34.46259,3.9705205,-10.905279097759198,-0.1903330261048146,-1.0253029009325096
165,34.6788,3.5143646,-10.905279097759198,-0.1903330261048146,0.0
166,34.89557,3.13601996,-10.905279097759198,-0.1903330261048146,0.0
167,35.0961,2.6439087999999997,-10.905279097759198,-0.1903330261048146,0.0
168,35.31219,1.9849908,-10.905279097759198,-0.1903330261048146,0.0
169,35.52908,1.4698489,-10.905279097759198,-0.1903330261048146,0.0
170,35.72928,1.13805304,-10.905279097759198,-0.1903330261048146,0.0
171,35.94595,0.8476178000000001,-0.049500467359199996,-0.0008639461366940225,50.102822866109605
172,36.16223,0.9117695,5.247449903440798,0.09158527814850045,24.491170569632224
173,36.37817,1.1216807,5.247449903440798,0.09158527814850045,0.0
174,36.57889,1.6055807,5.247449903440798,0.09158527814850045,0.0
175,36.79529,2.1111229,2.124052310080797,0.03707170629550145,-14.43344544066543
176,36.99652,2.3069378,2.124052310080797,0.03707170629550145,0.0
177,37.21225,2.4286589999999997,2.124052310080797,0.03707170629550145,0.0
178,37.41293,2.600022,2.124052310080797,0.03707170629550145,0.0
179,37.62817,2.748711,2.124052310080797,0.03707170629550145,0.0
180,37.82898,2.773593,2.124052310080797,0.03707170629550145,0.0
181,38.04523,2.8562640000000004,2.124052310080797,0.03707170629550145,0.0
182,38.24551,3.111187,2.124052310080797,0.03707170629550145,0.0
183,38.44562,3.37568,2.124052310080797,0.03707170629550145,0.0
184,38.66284,3.5095849999999995,2.124052310080797,0.03707170629550145,0.0
185,38.8797,3.4902670000000002,-7.549215458479203,-0.13175866569291536,-44.606048918934505
186,39.09528,2.8889639999999996,-13.663820079439203,-0.23847864878632724,-28.363505988310237
187,39.29575,2.1867482000000003,-13.663820079439203,-0.23847864878632724,0.0
188,39.51144,1.0167015,-13.663820079439203,-0.23847864878632724,0.0
189,39.7124,-0.289644,-13.663820079439203,-0.23847864878632724,0.0
190,39.92932,-1.521642,-11.849547584239204,-0.20681362021671423,8.363786166328802
191,40.14551,-1.9318702,0.8909249341607964,0.015549573489219601,58.931830882093216
192,40.34613,-2.0305659,1.7215115384807969,0.030046044457562968,4.140098715581685
193,40.56216,-2.2193156,8.6059362073608,0.15020192203503943,31.867910331343417
194,40.7782,-1.6891117,15.702079060720807,0.2740529790180367,32.84643053767831
195,40.97858,-1.0392997,15.702079060720807,0.2740529790180367,0.0
196,41.17914,-0.46286039999999995,15.702079060720807,0.2740529790180367,0.0
197,41.3959,0.09040399999999993,9.161065663120818,0.15989075881285594,-30.17629358553224
198,41.61206,0.2835699999999999,2.681879666320824,0.046807630319585264,-29.97402848260515
199,41.81226,0.4011509999999998,0.3284682064488238,0.0057328516906524464,-11.7553019973625
200,42.0126,0.15466000000000002,-1.9264258380311758,-0.03362247366913502,-11.255336150943558
201,42.22916,-0.27293999999999996,-1.9264258380311758,-0.03362247366913502,0.0
202,42.44525,-0.483274,-1.9264258380311758,-0.03362247366913502,0.0
203,42.64578,-0.456866,-1.9264258380311758,-0.03362247366913502,0.0
204,42.86206,-0.524079,-1.9264258380311758,-0.03362247366913502,0.0
205,43.06235,-0.75465,-0.5339062524311755,-0.009318422001907993,6.952516778670842
206,43.27936,-0.6578029999999999,1.3252520190888246,0.023130011151802733,8.567154838579073
207,43.49588,-0.15193500000000015,1.3252520190888246,0.023130011151802733,0.0
208,43.69595,0.4505137,1.3252520190888246,0.023130011151802733,0.0
209,43.91272,0.9490045999999999,1.3252520190888246,0.023130011151802733,0.0
210,44.12888,1.333644,1.3252520190888246,0.023130011151802733,0.0
211,44.32919,1.6796896099999998,0.44019400700882505,0.007682834769850993,-4.418441476112142
212,44.5451,1.7186193,-4.459077759391175,-0.0778255885038275,-22.691268428511783
213,44.75095,1.4248954,-5.772100392511175,-0.10074215660497704,-6.378540845858475
214,44.96198,1.1554287,-6.505491088879177,-0.1135422389600927,-3.4752911736152385
215,45.16281,1.0138484,-6.520572241999177,-0.11380545473703411,-0.07509412498132469
216,45.37903,0.7076051,-6.520572241999177,-0.11380545473703411,0.0
217,45.57907,0.10153330000000005,-6.520572241999177,-0.11380545473703411,0.0
218,45.79507,-0.6197334000000001,-6.464668288399176,-0.11282974668183197,0.2588146000000013
219,45.99564,-0.9626655000000001,-2.424865180399177,-0.042321881314931906,20.141611945954125
220,46.21231,-1.1240227,-2.1396981514391773,-0.03734477774144989,1.3161352700419944
221,46.41238,-1.5213709,-2.1396981514391773,-0.03734477774144989,0.0
222,46.61264,-2.0382724,-0.11330964461517823,-0.001977626372799523,10.118788109577538
223,46.82901,-2.0207869,7.5676422625848225,0.13208027409517845,35.49915379766179
224,47.04538,-1.4188941000000002,9.301109120344822,0.16233497823729065,8.011585976613954
225,47.24597,-0.9077756,9.301109120344822,0.16233497823729065,0.0
226,47.46149,-0.47440940000000004,9.301109120344822,0.16233497823729065,0.0
227,47.66214,0.013897999999999966,8.899919413624826,0.15533289692991628,-1.9994503200597586
228,47.86282,0.42632919999999996,3.272324209624822,0.05711283165067427,-28.04263107434746
229,48.07916,0.7100913,2.476073616904822,0.043215637136753866,-3.6805518753813047
230,48.27927,1.1101629000000002,2.476073616904822,0.043215637136753866,0.0
231,48.4957,1.86181587,2.476073616904822,0.043215637136753866,0.0
232,48.71237,2.8276909000000003,2.476073616904822,0.043215637136753866,0.0
233,48.92889,3.4669689999999997,-0.3783946819751769,-0.006604233072503677,-13.183393214852961
234,49.12903,3.538467,-4.1116690003751755,-0.07176216180873078,-18.653314272009816
235,49.34558,3.539765,-5.586838720135174,-0.09750873044426481,-6.812143707042309
236,49.54657,3.725371,-5.586838720135174,-0.09750873044426481,0.0
237,49.76285,3.8389719,-6.812803029463176,-0.11890584415397666,-5.668412748881151
238,49.97855,3.3393646,-12.157544596903179,-0.21218918217400728,-24.77858862976378
239,50.18015,2.7155085999999997,-12.193037174023178,-0.21280864450476927,-0.17605444999999792
240,50.39554,2.182029,-12.193037174023178,-0.21280864450476927,0.0
241,50.59586,1.68918,-10.162791981223176,-0.17737418126762217,10.13500994808283
242,50.8125,1.368074,-2.5201564796231786,-0.04398502823489385,35.27804422821299
243,51.01294,1.1762360000000003,-1.8023286497831792,-0.03145656914174026,3.5812603763719713
244,51.22937,0.9653960000000001,-1.8023286497831792,-0.03145656914174026,0.0
245,51.44595,0.6409549999999999,-1.8023286497831792,-0.03145656914174026,0.0
246,51.66226,0.142436,-1.8023286497831792,-0.03145656914174026,0.0
247,51.87833,-0.2776599999999996,-1.8023286497831792,-0.03145656914174026,0.0
248,52.07913,-0.541147,-1.8023286497831792,-0.03145656914174026,0.0
249,52.27948,-0.9706710000000003,-1.8023286497831792,-0.03145656914174026,0.0
250,52.4957,-1.766665,-1.8023286497831792,-0.03145656914174026,0.0
251,52.69617,-2.4998259999999997,1.3682137969368213,0.023879835627760637,15.815545701201957
252,52.89639,-2.4011283,11.339140723336822,0.19790533996919896,49.79985479173047
253,53.11255,-1.6006285999999998,12.846567589336818,0.22421490201391825,6.973662407475856
254,53.31317,-0.9332361,12.846567589336818,0.22421490201391825,0.0
255,53.52899,-0.51455303,6.103465776856823,0.10652557358894509,-31.244100697247568
256,53.72931,-0.46335781000000004,2.0071659507768222,0.03503165447497798,-20.448781080671154
257,53.94537,-0.3408929,2.0071659507768222,0.03503165447497798,0.0
258,54.14578,-0.2785664,2.0071659507768222,0.03503165447497798,0.0
259,54.34598,-0.2963522723,0.9818868651768218,0.017137158679421196,-5.121274153846278
260,54.56265,-0.22520259000000004,0.9212864782968218,0.01607948240038282,-0.27968979037245517
261,54.77884,-0.010685100000000003,0.9212864782968218,0.01607948240038282,0.0
262,54.97931,0.14070685,0.9212864782968218,0.01607948240038282,0.0
263,55.1955,0.30801225000000004,0.9212864782968218,0.01607948240038282,0.0
264,55.41287,0.7018093,0.9212864782968218,0.01607948240038282,0.0
265,55.62854,1.1643289,0.9212864782968218,0.01607948240038282,0.0
266,55.82907,1.2789149,0.9212864782968218,0.01607948240038282,0.0
267,56.04507,1.0495854,-1.572856130023178,-0.027451518129080494,-11.546956519999942
268,56.24567,0.6168829,-6.365016390823177,-0.11109049296327063,-23.889133902293793
269,56.44604,0.2272713,-8.747556806023177,-0.15267366777034339,-11.89070427309438
270,56.64639,-0.2767697,-9.619723434103182,-0.1678958470563563,-4.353215014125459
271,56.8623,-1.0835602999999998,-9.619723434103182,-0.1678958470563563,0.0
272,57.0788,-1.9122776999999997,-6.5059533801503795,-0.11355030746487842,14.382309718026573
273,57.29599,-2.3019751,-3.4080216201503784,-0.05948119825077563,14.263694276900269
274,57.49612,-2.5543237,-2.918341286150379,-0.050934664140210105,2.4468112426923168
275,57.71225,-2.65489338,2.1721531778496206,0.03791122481113384,23.55292862628976
276,57.92874,-2.3780628999999998,3.917326369017619,0.06837024301455184,8.061218491237453
277,58.14517,-1.6874187,8.44597001381762,0.14740998526582844,20.924287967471916
278,58.3457,-0.9422451000000001,8.722184623257617,0.1522308396426666,1.3774228765770504
279,58.56186,-0.30560699999999996,8.722184623257617,0.1522308396426666,0.0
280,58.76199,0.3200183,8.059145294217618,0.14065862028070455,-3.313043167141443
281,58.96252,1.0462079,7.56826717901762,0.13209118094448058,-2.4479036313768368
282,59.17877,1.6142862999999998,4.0437209758176165,0.07057624505997541,-16.298479552369788
283,59.39532,1.6170569000000001,2.3104471395456136,0.040324909778355844,-8.004035263320336
284,59.59607,1.4358305,-0.4749501740543858,-0.008289444320169178,-13.87495548493155
285,59.81213,1.451457,-0.8521886840543857,-0.01487349838498673,-1.7459895862260004
286,60.02924,1.5622487,-5.892908015174384,-0.10285064738195697,-23.21735217686906
287,60.24588,1.15317,-7.904215212854383,-0.1379545802505334,-9.284098955317651
288,60.46188,0.4395197,-7.472945480774381,-0.13042750346154355,1.9966191299999965
289,60.6788,-0.033073200000000025,-1.2659117511743796,-0.022094328097680117,28.614391156186386
290,60.87921,-0.27712590000000004,-0.9012477586463792,-0.015729740764598512,1.8195898035427578
291,61.09601,-0.68082402,-0.9012477586463792,-0.015729740764598512,0.0
292,61.31268,-1.0829863,-0.9012477586463792,-0.015729740764598512,0.0
293,61.51303,-1.3116693000000001,1.1526728485536208,0.02011793640560264,10.251662626403782
294,61.72894,-1.3215878,4.019633405409619,0.0701558376475499,13.278498248603519
295,61.94513,-1.5031065,4.019633405409619,0.0701558376475499,0.0
296,62.1452,-1.7319687499999998,4.229559278049621,0.0738197353102402,1.0492621214574767
297,62.34549,-1.5668738999999998,8.63676770124962,0.15074003311670783,22.004136118628484
298,62.56192,-1.0860960000000002,8.699475481329621,0.15183449034572039,0.2897370054059107
299,62.76196,-0.804109,8.699475481329621,0.15183449034572039,0.0
300,62.97827,-0.643726,8.699475481329621,0.15183449034572039,0.0
301,63.17987,-0.2592789999999998,8.699475481329621,0.15183449034572039,0.0
302,63.39557,0.36443499999999984,3.607190234049623,0.06295734632995079,-23.608183807510613
303,63.61197,0.6898949999999999,2.367976409409624,0.041328984953751174,-5.726496417005536
304,63.81226,0.8253940000000002,2.367976409409624,0.041328984953751174,0.0
305,64.02899,0.9948800000000002,2.367976409409624,0.041328984953751174,0.0
306,64.22913,1.3140199999999997,2.367976409409624,0.041328984953751174,0.0
307,64.42938,1.70743,2.1236734124496235,0.037065093284309465,-1.2199899973033923
308,64.64548,2.0500700000000003,-0.6663378713903761,-0.01162978978649259,-12.910741711429205
309,64.84592,2.489954,-0.6663378713903761,-0.01162978978649259,0.0
310,65.06277,3.07414,-0.6907294913903762,-0.01205550386538789,-0.11248153101222393
311,65.27875,3.3019075,-6.230274760670375,-0.10873880787759976,-25.648417766830036
312,65.47891,2.7705610099999998,-10.716622065230375,-0.18704033973014458,-22.413805478417625
313,65.6796,2.10764356,-10.716622065230375,-0.18704033973014458,0.0
314,65.89557,1.5450764,-10.716622065230375,-0.18704033973014458,0.0
315,66.09592,0.958585,-10.716622065230375,-0.18704033973014458,0.0
316,66.29596,0.07820641,-9.056963897150384,-0.15807384023953128,8.29663151409767
317,66.51282,-0.5817282,-1.1378789739503825,-0.01985973458464896,36.51703828829473
318,66.72894,-0.7732301,-0.8645703392303826,-0.015089599034654474,1.2646151893393174
319,66.94568,-0.8445659999999999,-0.8645703392303826,-0.015089599034654474,0.0
320,67.16257,-1.1163853,-0.8645703392303826,-0.015089599034654474,0.0
321,67.37814,-1.5529218,-0.8645703392303826,-0.015089599034654474,0.0
322,67.57922,-1.8802467999999999,-0.8645703392303826,-0.015089599034654474,0.0
323,67.77991,-2.139112,-0.8645703392303826,-0.015089599034654474,0.0
324,67.99591,-2.4354232,-1.6242130208303829,-0.028347864967253427,-3.516864266666766
325,68.19604,-2.871283,-5.877675093470381,-0.1025847827435236,-21.25349559106564
326,68.41245,-3.105972,-0.796614735470379,-0.013903550003861773,23.47886122637474
327,68.6293,-2.713644,7.015041723729623,0.12243557524386035,36.02331777357725
328,68.84534,-2.3502742999999997,7.146186786129622,0.12472448838047374,0.6070406517311775
329,69.06216,-2.00794598,7.146186786129622,0.12472448838047374,0.0
330,69.26294,-1.3333253,7.146186786129622,0.12472448838047374,0.0
331,69.46326,-0.3704839,7.146186786129622,0.12472448838047374,0.0
332,69.67917,0.4242290000000001,2.0442331909296256,0.03567859986027185,-23.630001367237004
333,69.87958,0.8403388,1.7481173583456253,0.030510403614396737,-1.4775501850406307
334,70.07962,1.35545556,1.7481173583456253,0.030510403614396737,0.0
335,70.29565,2.0808161,1.7481173583456253,0.030510403614396737,0.0
336,70.51218,2.704189,-0.8895799861343745,-0.015526099717890339,-12.18167156735754
337,70.71225,2.711186,-5.647721193734376,-0.09857133006532941,-23.782382204228927
338,70.92896,2.5463446999999997,-8.226732233174374,-0.14358356414883872,-11.900747724793156
339,71.14557,2.01652566,-13.13415763957437,-0.22923429528653944,-22.65558102765307
340,71.34622,1.3634795999999998,-13.07682129853437,-0.2282335873543451,0.2857530079242567
341,71.5463,0.85741,-5.311041756134374,-0.09269516535544657,38.81337236305479
342,71.76215,0.799166,-3.2671477897343744,-0.05702248608012023,9.469047794301456
343,71.96274,0.7801629999999999,-3.2671477897343744,-0.05702248608012023,0.0
344,72.17838,0.446202,-1.7063649054143752,-0.029781685839962463,7.237909869782713
345,72.37909,0.09131400000000012,4.303317630585624,0.07510706141284018,29.942118160529994
346,72.5791,-0.13462799999999997,4.308014059113625,0.07518902955373839,0.02348096859157475
347,72.79562,-0.10806099999999996,4.308014059113625,0.07518902955373839,0.0
348,73.01263,-0.05197109999999994,4.308014059113625,0.07518902955373839,0.0
349,73.22897,-0.28951760000000004,4.308014059113625,0.07518902955373839,0.0
350,73.44595,-0.6228563,4.308014059113625,0.07518902955373839,0.0
351,73.66251,-0.7948793,4.308014059113625,0.07518902955373839,0.0
352,73.87863,-0.8345502,4.308014059113625,0.07518902955373839,0.0
353,74.07913,-0.9075036999999999,4.958079659913623,0.08653481464165344,3.242222447880204
354,74.27975,-0.751455,8.169568583457629,0.14258587024882477,16.007820374558843
355,74.49588,-0.30646700000000004,8.169568583457629,0.14258587024882477,0.0
356,74.71207,0.21689800000000004,8.169568583457629,0.14258587024882477,0.0
357,74.91254,0.6224379999999998,8.02843806425763,0.14012267801373574,-0.7039982002294208
358,75.12875,0.8704109999999998,2.3667825834576264,0.04130814876019306,-26.185909443597783
359,75.33002,1.0641339999999997,1.9164103024176269,0.033447669596327834,-2.2376523130122794
360,75.54584,1.177229,0.3311533984176264,0.005779717131556161,-7.34527339449563
361,75.76221,0.8651740000000001,-0.09550213849437356,-0.0016668267594224387,-1.9718793590239148
362,75.97913,0.5048430000000002,-0.09550213849437356,-0.0016668267594224387,0.0
363,76.18146,0.521509,-0.09550213849437356,-0.0016668267594224387,0.0
364,76.39624,0.8074149999999998,-0.09550213849437356,-0.0016668267594224387,0.0
365,76.61252,0.9564849999999998,-0.09550213849437356,-0.0016668267594224387,0.0
366,76.81268,0.8718789999999998,-0.09550213849437356,-0.0016668267594224387,0.0
367,77.02847,0.8086250000000001,-0.09550213849437356,-0.0016668267594224387,0.0
368,77.22894,0.848948,-0.09550213849437356,-0.0016668267594224387,0.0
369,77.42914,0.8315319999999997,-0.09550213849437356,-0.0016668267594224387,0.0
370,77.64493,0.73658,-0.09550213849437356,-0.0016668267594224387,0.0
371,77.84543,0.7369089999999998,-0.09550213849437356,-0.0016668267594224387,0.0
372,78.06259,0.8373900000000001,-0.09550213849437356,-0.0016668267594224387,0.0
373,78.26276,0.833393,-0.09550213849437356,-0.0016668267594224387,0.0
374,78.46277,0.7553840000000003,-0.09550213849437356,-0.0016668267594224387,0.0
375,78.67871,0.8553999999999999,-0.09550213849437356,-0.0016668267594224387,0.0
376,78.87906,1.132561,-0.09550213849437356,-0.0016668267594224387,0.0
377,79.09537,1.3096979999999998,-0.09550213849437356,-0.0016668267594224387,0.0
378,79.29572,1.2583780000000002,-1.2765111861743739,-0.02227932313728114,-5.894729461841771
379,79.49585,1.260413,-1.4585880950783738,-0.02545716468950972,-0.9097931789536733
380,79.69647,1.5894063000000003,-2.115581014958374,-0.03692385430370703,-3.274812680091704
381,79.91193,1.9355324,-4.068325665518376,-0.0710056779066852,-9.06314234920665
382,80.11252,1.9674698,-4.068325665518376,-0.0710056779066852,0.0
383,80.32901,1.7980099,-4.068325665518376,-0.0710056779066852,0.0
384,80.5293,1.6385055,-7.514642322158375,-0.1311552506313761,-17.206633664385805
385,80.74579,1.3212115999999998,-8.579464074878375,-0.14973989616319697,-4.918572463947683
386,80.94583,0.99446362,-8.579464074878375,-0.14973989616319697,0.0
387,81.16208,0.6551765,-8.579464074878375,-0.14973989616319697,0.0
388,81.36267,0.5203980000000001,-4.402275974078375,-0.07683421032910819,20.82450820479677
389,81.57883,0.611523,-2.2659525347183753,-0.03954833242474677,9.88306550407096
390,81.77945,0.42826799999999987,-2.2659525347183753,-0.03954833242474677,0.0
391,81.99551,0.05544900000000008,-2.2659525347183753,-0.03954833242474677,0.0
392,82.19589,-0.1995140000000002,-2.2659525347183753,-0.03954833242474677,0.0
393,82.41211,-0.452863,-2.2659525347183753,-0.03954833242474677,0.0
394,82.629,-0.9721171999999999,-2.2659525347183753,-0.03954833242474677,0.0
395,82.84555,-1.6090646999999998,1.6573874880816255,0.02892686864838264,18.11747874763351
396,83.06238,-1.5831700000000002,5.466178238241624,0.09540280775817936,17.565792326522942
397,83.2785,-1.1715079,5.466178238241624,0.09540280775817936,0.0
398,83.47897,-0.8495515600000001,5.466178238241624,0.09540280775817936,0.0
399,83.6958,-0.6996641,5.466178238241624,0.09540280775817936,0.0
400,83.91171,-0.4813864,5.466178238241624,0.09540280775817936,0.0
401,84.1127,-0.08104939999999997,5.466178238241624,0.09540280775817936,0.0
402,84.32916,0.426336,5.319635103921625,0.09284514756810307,-0.6769986802180561
403,84.54523,0.9160764198,3.8706063975216245,0.06755482568550883,-6.706292897671991
404,84.76257,1.4977786,3.220651748001625,0.05621097706273906,-2.990497145118343
405,84.97852,2.1010733,3.220651748001625,0.05621097706273906,0.0
406,85.17905,2.4737340999999997,3.220651748001625,0.05621097706273906,0.0
407,85.37949,2.7100660000000003,3.1393230104016254,0.05479152281512856,-0.4057510357214089
408,85.59573,3.02423,-1.5311261751983725,-0.02672319302067914,-21.598451653718172
409,85.79593,3.284049,-3.9661420551983735,-0.0692222374650263,-12.162916483516774
410,86.01212,3.450688,-3.9661420551983735,-0.0692222374650263,0.0
411,86.21268,3.3482979999999998,-3.9661420551983735,-0.0692222374650263,0.0
412,86.41272,3.2287855,-4.881321339998375,-0.08519512923083322,-4.57498142771476
413,86.62857,3.1418262,-6.271416683690377,-0.10945686989490083,-6.440098882056896
414,86.82965,3.0230690399999998,-6.271416683690377,-0.10945686989490083,0.0
415,87.04584,2.5470774,-6.271416683690377,-0.10945686989490083,0.0
416,87.2468,1.8716031000000002,-6.271416683690377,-0.10945686989490083,0.0
417,87.46237,1.159175,-6.271416683690377,-0.10945686989490083,0.0
418,87.67853,0.4930730000000003,-6.271416683690377,-0.10945686989490083,0.0
419,87.8793,-0.19550499999999982,-6.271416683690377,-0.10945686989490083,0.0
420,88.08008,-0.6598369999999998,0.9908823523896192,0.017294159549105556,36.17043050144531
421,88.29553,-0.6962680000000001,2.224008579909619,0.038816272312026265,5.723491425017294
422,88.49564,-0.80766,2.224008579909619,0.038816272312026265,0.0
423,88.69565,-1.1806915999999998,2.224008579909619,0.038816272312026265,0.0
424,88.91302,-1.65590422,2.224008579909619,0.038816272312026265,0.0
425,89.12888,-1.7751677,2.538222443222418,0.044300338782246027,1.4556372802409456
426,89.3291,-1.5649438,4.782180282422422,0.08346479135222357,11.207460988912125
427,89.54562,-1.1144712,11.092345480022415,0.19359795039510203,29.14356732680544
428,89.74585,-0.64724174,11.133209456582417,0.19431116133153187,0.20408518483744462
429,89.96198,0.06253940000000002,10.902472888982418,0.1902840485221614,-1.0675823236015693
430,90.1788,0.9452496,6.7766859049824255,0.11827548141543492,-19.028627359099815
431,90.37891,1.5261213,4.395701254982427,0.07671945983349016,-11.898379141471628
432,90.59518,2.0397882399999996,4.395701254982427,0.07671945983349016,0.0
433,90.79562,2.5751853000000002,2.2857942976704253,0.03989463651766027,-10.526376757693063
434,90.99597,3.0707082,-0.4605706027295744,-0.008038473455525856,-13.707835789368586
435,91.21271,3.538824,-1.646951097369574,-0.02874471926843279,-5.473749629233144
436,91.42975,3.671164,-5.576144594169572,-0.09732208273554205,-18.10354541467033
437,91.64569,3.674157,-6.6346440960095725,-0.11579638417336982,-4.901822273964915
438,91.84613,3.622822,-6.6346440960095725,-0.11579638417336982,0.0
439,92.06204,3.2496362,-6.702723275529572,-0.1169845900080501,-0.31531276698625216
440,92.2623,2.53630936,-8.972422770009576,-0.15659831921757703,-11.333763579746343
441,92.47952,1.8179349999999999,-8.972422770009576,-0.15659831921757703,0.0
442,92.69543,1.419082,-8.972422770009576,-0.15659831921757703,0.0
443,92.91263,0.9982659999999999,-6.892760658009577,-0.12030136803419797,9.574871602210331
444,93.12833,0.6715059999999999,0.5235594179904248,0.009137835673758147,34.382568734351295
445,93.3287,0.4371670000000001,0.6038138075904248,0.010538539011456441,0.40053096571344526
446,93.52884,0.30897600000000014,0.6038138075904248,0.010538539011456441,0.0
447,93.72946,0.1961759999999999,0.6038138075904248,0.010538539011456441,0.0
448,93.9458,-0.12175799999999981,0.6038138075904248,0.010538539011456441,0.0
449,94.16235,-0.5342799999999999,0.6038138075904248,0.010538539011456441,0.0
450,94.36252,-0.8093018000000001,0.6038138075904248,0.010538539011456441,0.0
451,94.5787,-1.0293716000000002,3.128669993750425,0.05460559259929533,11.679416163197645
452,94.7796,-1.0666944,5.670756322070425,0.0989733688984129,12.653490932403912
453,94.99527,-1.0275156,5.670756322070425,0.0989733688984129,0.0
454,95.19577,-0.8083992,5.670756322070425,0.0989733688984129,0.0
455,95.3959,-0.5826396600000001,5.670756322070425,0.0989733688984129,0.0
456,95.61237,-0.5536490000000001,5.670756322070425,0.0989733688984129,0.0
457,95.8125,-0.5230172,5.670756322070425,0.0989733688984129,0.0
458,96.02878,-0.13098500000000013,5.670756322070425,0.0989733688984129,0.0
459,96.22903,0.47546679999999997,5.670756322070425,0.0989733688984129,0.0
460,96.44516,0.9507492,5.670756322070425,0.0989733688984129,0.0
461,96.64557,1.0699800000000002,3.092584858070427,0.053975788170650484,-12.864485125492404
462,96.84595,0.8143959999999999,-2.720145652329572,-0.04747549776696,-29.008536332968003
463,97.04608,0.5604280000000001,-4.018017277929572,-0.07012763090189113,-6.485142785189579
464,97.24661,0.15819699999999992,-8.291656247529568,-0.14471670196294892,-21.311718793197947
465,97.46292,-0.5267595999999999,-8.836841161209568,-0.154231973738866,-2.520387007905404
466,97.67874,-1.1432867,-8.835367607193566,-0.15420625536958077,0.006827699082576894
467,97.89511,-1.4348955,-1.3420577655935648,-0.023423326761565978,34.6319260599902
468,98.09534,-1.3194263499999999,2.845597502246436,0.04966504560072705,20.914224980473445
469,98.29599,-1.28244473,2.845597502246436,0.04966504560072705,0.0
470,98.51291,-1.1961853,2.845597502246436,0.04966504560072705,0.0
471,98.71292,-0.9774339000000001,3.765831222542438,0.06572615390776886,4.600938554552471
472,98.92834,-0.7272899,5.059640208902438,0.08830738061164126,6.0059835965089
473,99.12881,-0.676201,5.059640208902438,0.08830738061164126,0.0
474,99.34586,-0.492969,5.059640208902438,0.08830738061164126,0.0
475,99.56784,0.137316,5.059640208902438,0.08830738061164126,0.0
476,99.77893,0.909781,5.059640208902438,0.08830738061164126,0.0
477,99.9949,1.4754039999999997,5.059640208902438,0.08830738061164126,0.0
478,100.1953,1.8052822,0.7675036833024389,0.013395466294811385,-21.41784693413153
479,100.3963,1.8781133,-5.54297839349756,-0.09674322333343827,-31.39543321791147
480,100.6129,1.9012476,-6.021915706857563,-0.10510225636222614,-2.2111602648199615
481,100.8295,1.9228155,-6.021915706857563,-0.10510225636222614,0.0
482,101.0454,1.9186583000000001,-6.021915706857563,-0.10510225636222614,0.0
483,101.2456,1.9585303,-6.021915706857563,-0.10510225636222614,0.0
484,101.4622,1.8845657,-6.021915706857563,-0.10510225636222614,0.0
485,101.679,1.7520128,0.6330947493024367,0.011049587852415594,30.696542694464046
486,101.8953,1.8782097,1.418520198902437,0.02475784797689238,3.631185619972196
487,102.0956,2.1738399,1.418520198902437,0.02475784797689238,0.0
488,102.3129,2.5047317999999996,1.418520198902437,0.02475784797689238,0.0
489,102.5289,2.5605449,1.418520198902437,0.02475784797689238,0.0
490,102.729,2.4779935,1.418520198902437,0.02475784797689238,0.0
491,102.929,2.5556744,0.5803725392784371,0.010129411698568843,-4.19073829811994
492,103.1457,2.5903119,-1.5989636122415627,-0.027907179653197178,-10.056927325888184
493,103.3465,2.3378645,-1.5989636122415627,-0.027907179653197178,0.0
494,103.5623,1.7276985999999999,-1.5989636122415627,-0.027907179653197178,0.0
495,103.7783,0.9673577,-4.147219747281562,-0.0723826393937904,-11.797482106666216
496,103.9789,0.36562284,-4.147219747281562,-0.0723826393937904,0.0
497,104.1958,-0.23019930000000002,-4.147219747281562,-0.0723826393937904,0.0
498,104.4128,-0.7854907,-2.5022845265615623,-0.04367310381020677,7.5803466392627135
499,104.6287,-0.7780291,5.273204777438438,0.09203478549819553,36.01430895785242
500,104.8452,-0.48757,5.329824928718438,0.09302299356100882,0.2615249481755057
501,105.0458,-0.3623843,5.329824928718438,0.09302299356100882,0.0
502,105.2627,-0.2757727,5.329824928718438,0.09302299356100882,0.0
503,105.4789,0.08730100000000007,5.329824928718438,0.09302299356100882,0.0
504,105.6789,0.6857158000000001,5.329824928718438,0.09302299356100882,0.0
505,105.8955,1.2474884,5.329824928718438,0.09302299356100882,0.0
506,106.1125,1.5925326,4.126062465518437,0.07201337516625174,-5.54729245714289
507,106.3286,1.8425167999999998,0.1399322471184387,0.0024422784419311032,-18.445766859787362
508,106.5296,2.2139467600000002,-0.15494450384156128,-0.0027042917499042465,-1.4670485122387502
509,106.7455,2.4899693,-1.8642669089615616,-0.03253759569735663,-7.917195021398618
510,106.9623,2.4527405,-1.8642669089615616,-0.03253759569735663,0.0
511,107.1626,2.3048575,-4.723308104961562,-0.08243727801771318,-14.273795287069499
512,107.3626,2.0822772,-6.161705003361563,-0.10754203984526754,-7.191984491999901
513,107.5792,1.8374414,-6.161705003361563,-0.10754203984526754,0.0
514,107.7951,1.4167731,-6.161705003361563,-0.10754203984526754,0.0
515,107.9957,0.92972073,-6.161705003361563,-0.10754203984526754,0.0
516,108.196,0.3671471,-6.161705003361563,-0.10754203984526754,0.0
517,108.4123,-0.5004283,-6.161705003361563,-0.10754203984526754,0.0
518,108.6128,-1.4704679999999999,-0.6319518161615614,-0.01102963990597716,27.57981639501371
519,108.8289,-2.134658,0.9553300734384386,0.016673655224819978,7.345126745025059
520,109.0448,-2.4309802,0.9553300734384386,0.016673655224819978,0.0
521,109.2453,-2.4752136,7.496741767838441,0.13084282702056113,32.625494735161254
522,109.4465,-2.1697730400000004,15.249271704638435,0.2661499997771489,38.531460918489024
523,109.6627,-1.651946,15.760396555358433,0.27507081131097744,2.364129744310808
524,109.879,-0.9203670000000002,15.760396555358433,0.27507081131097744,0.0
525,110.0961,-0.22347699999999993,7.052469494558441,0.12308881307650511,-40.11021216397931
526,110.2963,-0.29732400000000014,1.4353407289584428,0.025051421608300345,-28.057586241758894
527,110.4971,-0.5546250000000001,1.4353407289584428,0.025051421608300345,0.0
528,110.6973,-0.6578209999999998,1.4353407289584428,0.025051421608300345,0.0
529,110.9124,-0.5437290000000004,1.4353407289584428,0.025051421608300345,0.0
530,111.129,-0.37014900000000006,1.4353407289584428,0.025051421608300345,0.0
531,111.3296,-0.1761370000000002,1.4353407289584428,0.025051421608300345,0.0
532,111.5461,0.21327799999999986,1.4353407289584428,0.025051421608300345,0.0
533,111.7463,0.6430770000000003,1.4353407289584428,0.025051421608300345,0.0
534,111.9623,0.9569229999999997,1.4353407289584428,0.025051421608300345,0.0
535,112.1627,1.211278,1.4353407289584428,0.025051421608300345,0.0
536,112.379,1.794358,1.1788213268304428,0.0205743134459194,-1.1859426820526828
537,112.5795,2.479172,-1.4246637243695575,-0.024865072723973754,-12.98496284887839
538,112.7798,2.8946615,-2.6322953847695563,-0.045942221349279756,-6.029114630054954
539,112.9962,2.8308619000000004,-5.465002422369556,-0.09538228589981457,-13.090143426986623
540,113.2122,2.4017214,-9.093754203969553,-0.1587159522263447,-16.79977676666712
541,113.4135,1.9636569,-10.770765693969553,-0.18798532432062065,-8.33090655737691
542,113.6298,1.4645106399999999,-10.770765693969553,-0.18798532432062065,0.0
543,113.8459,0.7695067,-10.770765693969553,-0.18798532432062065,0.0
544,114.0463,0.08538657,-10.727753148129555,-0.1872346137760477,0.21463346227543778
545,114.2465,-0.3198309,-4.106086747329554,-0.07166473311340521,33.07525674725353
546,114.4623,-0.313385,0.10054746203044532,0.0017548842669552539,19.49320764300264
547,114.6794,-0.40173369999999997,0.10054746203044532,0.0017548842669552539,0.0
548,114.8955,-0.5253587000000001,0.10054746203044532,0.0017548842669552539,0.0
549,115.0958,-0.5850801800000001,0.10054746203044532,0.0017548842669552539,0.0
550,115.3128,-0.7760993999999999,0.10054746203044532,0.0017548842669552539,0.0
551,115.5283,-1.1823702,0.10054746203044532,0.0017548842669552539,0.0
552,115.7291,-1.4263611,0.10054746203044532,0.0017548842669552539,0.0
553,115.9298,-1.3105727,0.10054746203044532,0.0017548842669552539,0.0
554,116.1457,-1.0396320000000001,0.10054746203044532,0.0017548842669552539,0.0
555,116.3467,-0.9676791,2.8570912018704444,0.04986564850240123,13.714147959403432
556,116.562,-0.8193819,4.537836061070445,0.07920018018140974,7.806525124013039
557,116.7631,-0.5201235,4.537836061070445,0.07920018018140974,0.0
558,116.9796,0.025430500000000023,4.537836061070445,0.07920018018140974,0.0
559,117.1953,0.5154769,4.537836061070445,0.07920018018140974,0.0
560,117.396,0.8611093000000001,4.537836061070445,0.07920018018140974,0.0
561,117.597,1.1840217,1.5549764441904452,0.02713945874207712,-14.840097596418397
562,117.8132,1.04373906,-5.342106531009556,-0.09323734795840931,-31.901401365402318
563,118.0295,0.38846919999999996,-9.667352299809558,-0.16872712758192276,-19.996513031899784
564,118.2299,-0.5577264,-11.48501284428955,-0.20045128876669147,-9.070162397604664
565,118.4459,-1.466432,-11.48501284428955,-0.20045128876669147,0.0
566,118.6463,-2.0434287,-5.190327841089545,-0.09058831008494159,31.41060380838296
567,118.862,-2.3947035999999997,-2.414640479169547,-0.04214342661344215,12.868277060361708
568,119.0624,-2.7709692,-2.4131669251535466,-0.042117708244156955,0.007353063952098067
569,119.2629,-2.8466443999999997,0.8699821132464532,0.015184052309608783,16.374808171570645
570,119.4795,-2.3293184,5.557978058846449,0.09700501688047368,21.643563922437686
571,119.6953,-1.6177359999999998,10.062271030046444,0.17561975970235172,20.87253462094515
572,119.8953,-1.0506491,11.827649840846435,0.2064314324957536,8.826894053999828
573,120.0957,-0.5256643999999999,11.827649840846435,0.2064314324957536,0.0
574,120.3127,0.10518450000000013,3.960171732686434,0.06911803567978703,-36.255659484606134
575,120.5297,0.18154959999999998,-3.9728790706175663,-0.06933982056584884,-36.55783780324445
576,120.7471,0.05943229999999999,-3.9728790706175663,-0.06933982056584884,0.0
577,120.9629,0.015763200000000033,-3.9728790706175663,-0.06933982056584884,0.0
578,121.1793,0.10650171,-3.9728790706175663,-0.06933982056584884,0.0
579,121.3965,0.12552270000000001,-3.9728790706175663,-0.06933982056584884,0.0
580,121.613,0.04559610000000003,-3.9728790706175663,-0.06933982056584884,0.0
581,121.8302,0.11489090000000002,-3.9728790706175663,-0.06933982056584884,0.0
582,122.0458,0.3733930000000001,-3.9728790706175663,-0.06933982056584884,0.0
583,122.2623,0.536608,-3.9728790706175663,-0.06933982056584884,0.0
584,122.4625,0.4362659999999998,-3.9728790706175663,-0.06933982056584884,0.0
585,122.6626,0.35709199999999996,-3.9255281626175673,-0.06851339131743994,0.23663622188905983
586,122.8627,0.48483500000000035,-3.9255281626175673,-0.06851339131743994,0.0
587,123.0793,0.598678,-3.9255281626175673,-0.06851339131743994,0.0
588,123.2798,0.3638919999999999,-3.9255281626175673,-0.06851339131743994,0.0
589,123.4799,-0.0783640000000001,-3.9255281626175673,-0.06851339131743994,0.0
590,123.6957,-0.44549400000000006,-3.9255281626175673,-0.06851339131743994,0.0
591,123.8957,-0.6631140000000002,-3.9255281626175673,-0.06851339131743994,0.0
592,124.096,-0.9686819999999998,-3.9255281626175673,-0.06851339131743994,0.0
593,124.2961,-1.4190970000000003,-3.6287786041055665,-0.06333413446756596,1.483006289415356
594,124.5129,-1.9105849999999998,-2.4859210834655667,-0.04338750785121891,5.271483028782133
595,124.7292,-2.393578,-0.05607086506556688,-0.0009786212098356084,11.233704199722403
596,124.9459,-2.836811,3.8391033013344336,0.06700499293246988,17.97496154314814
597,125.1627,-3.0608812999999997,6.853722363734435,0.1196200212647343,13.905069476014361
598,125.3782,-2.7415308,9.28214009173443,0.1620039062321343,11.26875975870037
599,125.5792,-2.06100158,12.287407614134429,0.21445571940126673,14.95157971343332
600,125.7797,-1.24252863,15.851660974934434,0.2766636759225002,17.776824742144203
601,125.9959,-0.28946463,16.529024043734434,0.2884858917044731,3.1330391711378267
602,126.2126,0.7514820999999999,9.475536520454437,0.16537931067489695,-32.54955017665142
603,126.429,1.4490118600000002,2.023765653254436,0.0353213739380638,-34.43517036598776
604,126.6293,1.6679566,-0.6444111617855641,-0.011247096509759955,-13.320902721118415
605,126.8296,1.644444,-0.6444111617855641,-0.011247096509759955,0.0
606,127.0458,1.6588307,-0.6444111617855641,-0.011247096509759955,0.0
607,127.2459,1.8858277,-0.6444111617855641,-0.011247096509759955,0.0
608,127.4634,2.172638,-2.414445063465563,-0.04214001596599753,-8.138086904276348
609,127.6801,2.1183624,-5.2449624032255615,-0.09154186307960051,-13.061916657867831
610,127.8959,1.9628577,-5.2449624032255615,-0.09154186307960051,0.0
611,128.1126,1.80273259,-5.9115415445855595,-0.10317586382144918,-3.0760458761422815
612,128.313,1.3361773000000001,-8.22990097258556,-0.1436388690847016,-11.568659820359171
613,128.5295,0.623497,-8.22990097258556,-0.1436388690847016,0.0
614,128.7296,0.10882199999999997,-8.22990097258556,-0.1436388690847016,0.0
615,128.93,-0.19742399999999982,-6.353636578185558,-0.11089187776448411,9.362596778443033
616,129.1459,-0.23256699999999997,1.8909560682144417,0.0330034094009085,38.187089608151055
617,129.3618,-0.4588110000000001,2.1195028429344425,0.036992303114586254,1.058577001945464
618,129.5626,-0.8193440000000001,2.1195028429344425,0.036992303114586254,0.0
619,129.7792,-1.0543888,2.1195028429344425,0.036992303114586254,0.0
620,129.9799,-1.2259775,2.1195028429344425,0.036992303114586254,0.0
621,130.1958,-1.5968201000000002,2.1195028429344425,0.036992303114586254,0.0
622,130.3958,-1.9544115999999998,6.178519791734441,0.10783551326540033,20.29508474399826
623,130.6125,-1.7368674,10.244381655974438,0.17879818972766298,18.762629738070792
624,130.8288,-1.2609573,10.244381655974438,0.17879818972766298,0.0
625,131.029,-0.8537674000000001,10.244381655974438,0.17879818972766298,0.0
626,131.2451,-0.4142539999999999,10.244381655974438,0.17879818972766298,0.0
627,131.4457,0.09158700000000009,10.244381655974438,0.17879818972766298,0.0
628,131.6457,0.467168,5.012480898374443,0.08748429536995732,-26.159503787997743
629,131.8458,0.5318340000000004,4.273167391574446,0.07458084047183187,-3.69472017391318
630,132.0458,0.6239249999999998,1.7403504886944465,0.03037484616641044,-12.664084514398915
631,132.2621,0.8660890000000001,-1.0457216991935536,-0.01825128671047724,-12.880592639334871
632,132.4626,1.3294779999999997,-1.0457216991935536,-0.01825128671047724,0.0
633,132.6626,1.684819,-1.0457216991935536,-0.01825128671047724,0.0
634,132.8796,1.827805,-1.0457216991935536,-0.01825128671047724,0.0
635,133.0951,1.9921748999999997,-4.715489386713553,-0.08230081564099966,-17.02908439684521
636,133.2954,1.9353107000000003,-12.021832659513558,-0.209820562032298,-36.47700086270622
637,133.4968,1.7442693,-12.114978512313558,-0.21144626384823598,-0.46249182125122257
638,133.713,1.2880402,-12.114978512313558,-0.21144626384823598,0.0
639,133.9131,0.9816708999999999,-5.964206403513563,-0.10409503900984117,30.738491298352034
640,134.1298,0.9964623,-5.334552226713562,-0.09310550047574666,2.9056491776649382
641,134.3464,0.9174136,-5.334552226713562,-0.09310550047574666,0.0
642,134.5627,0.6444799999999999,-5.00843886111356,-0.08741374851126661,1.5076900859915616
643,134.7794,0.35831100000000005,-5.00843886111356,-0.08741374851126661,0.0
644,134.9797,0.164736,-5.00843886111356,-0.08741374851126661,0.0
645,135.1958,-0.14517000000000024,-5.00843886111356,-0.08741374851126661,0.0
646,135.4124,-0.589858,-5.00843886111356,-0.08741374851126661,0.0
647,135.6128,-0.8547230000000003,-5.00843886111356,-0.08741374851126661,0.0
648,135.829,-0.8414809999999999,-4.70456856207356,-0.08211021129399886,1.4055055459758505
649,136.0451,-0.847067,-3.1921569668735588,-0.055713649312419164,6.998665410458676
650,136.2461,-1.0969479999999998,-0.3820511540735607,-0.006668050549627781,13.98062593432683
651,136.4625,-1.235052,4.531186502726438,0.07908412349450336,22.70442540110978
652,136.6791,-0.882943,6.425479311926436,0.11214577001189606,8.7455808365651
653,136.8959,-0.3231679999999999,6.425479311926436,0.11214577001189606,0.0
654,137.1128,0.138903,6.425479311926436,0.11214577001189606,0.0
655,137.3297,0.5419830000000001,6.397148632406435,0.11165130637494472,-0.1306163186721965
656,137.5455,0.859793,0.7723769876064353,0.013480521500367732,-26.06474348841501
657,137.7457,0.7910030000000001,-3.663836930793564,-0.06394601769851131,-22.1589106813192
658,137.9626,0.4164810000000001,-4.130599184553564,-0.07209255585065259,-2.15196981908704
659,138.1627,0.061541999999999986,-4.130599184553564,-0.07209255585065259,0.0
660,138.3628,-0.16590799999999972,-4.130599184553564,-0.07209255585065259,0.0
661,138.5792,-0.440747,-4.130599184553564,-0.07209255585065259,0.0
662,138.7792,-0.9198099999999998,-4.130599184553564,-0.07209255585065259,0.0
663,138.9797,-1.467084,-4.130599184553564,-0.07209255585065259,0.0
664,139.196,-1.815774,-2.276454320553565,-0.03973162316491013,8.572098307906089
665,139.4125,-1.692356,5.144162672246435,0.08978257588889021,34.27536717228695
666,139.6289,-1.4856989999999999,8.190528421046432,0.14295168842543265,14.077475733826686
667,139.8289,-1.4992782,8.190528421046432,0.14295168842543265,0.0
668,140.0295,-1.399327083,8.190528421046432,0.14295168842543265,0.0
669,140.2452,-1.0266326,6.834094074086435,0.11927744298384158,-6.288522702642596
670,140.4457,-0.7895562,4.657457755526432,0.08128797260648137,-10.85604148907858
671,140.6622,-0.7355741,4.657457755526432,0.08128797260648137,0.0
672,140.8627,-0.6950324999999999,4.564986900566433,0.07967405172529525,-0.461201271620993
673,141.0791,-0.6518094000000001,3.8005243445664334,0.06633166311488373,-3.532636580406303
674,141.2793,-0.7039025,3.8005243445664334,0.06633166311488373,0.0
675,141.496,-0.7985665,3.8005243445664334,0.06633166311488373,0.0
676,141.6963,-0.656239,3.8005243445664334,0.06633166311488373,0.0
677,141.9124,-0.20595600000000003,3.8005243445664334,0.06633166311488373,0.0
678,142.1292,0.23100300000000007,3.7232868595824318,0.06498361469595322,-0.35626146210331816
679,142.3293,0.524572,3.5283472505424314,0.06158127667565471,-0.9742109397301761
680,142.5455,0.9983040000000001,3.461576923490432,0.060415914625963886,-0.30883592530987364
681,142.7461,1.6399803999999998,0.17143080269043198,0.0029920319462847914,-16.401526025921534
682,142.9616,1.8841939,-5.016823674429568,-0.08756009111079602,-24.075426807982378
683,143.1628,1.6476254000000001,-5.016823674429568,-0.08756009111079602,0.0
684,143.3796,1.2510902,-5.016823674429568,-0.08756009111079602,0.0
685,143.5797,1.0364415759999999,-5.910517306029569,-0.10315798748632128,-4.466235040479948
686,143.7797,0.7571086,-9.050070250029563,-0.15795352339980231,-15.697764720000862
687,143.9797,0.25800731,-9.067658091069562,-0.15826048913426768,-0.0879392051999886
688,144.1962,-0.4671224,-8.557965619869561,-0.1493646773392013,2.354237742263324
689,144.4122,-1.0262798000000002,-3.652606303869564,-0.06375000628162439,22.709996833332458
690,144.6129,-1.43186761,-3.081996582429566,-0.05379098789860875,2.8430977650226468
691,144.8292,-2.0168126,-3.081996582429566,-0.05379098789860875,0.0
692,145.0456,-2.5731352000000003,-2.4616117201895666,-0.04296322942298931,2.866843171164223
693,145.2457,-2.6519449,2.3964380302104336,0.04182573394717941,24.278109697152402
694,145.4458,-2.4462403,4.551189278882434,0.07943323779796492,10.768372057331772
695,145.6621,-2.479352,4.551189278882434,0.07943323779796492,0.0
696,145.8625,-2.6851206999999997,4.551189278882434,0.07943323779796492,0.0
697,146.0629,-2.7286780999999998,4.551189278882434,0.07943323779796492,0.0
698,146.2792,-2.5574178,4.551189278882434,0.07943323779796492,0.0
699,146.4952,-2.4635151000000004,5.3173599048504325,0.09280543785317245,3.54708623133319
700,146.7113,-2.4050698,6.547703693810434,0.11427898790198673,5.693400226562231
701,146.9121,-2.1412109999999998,6.547703693810434,0.11427898790198673,0.0
702,147.1125,-1.5577159999999999,6.547703693810434,0.11427898790198673,0.0
703,147.3129,-0.8566750000000001,6.547703693810434,0.11427898790198673,0.0
704,147.5297,-0.15915800000000013,6.547703693810434,0.11427898790198673,0.0
705,147.7455,0.5135689999999999,4.553543826770435,0.07947433241100639,-9.240777882483712
706,147.9455,0.8186399999999998,-4.340233874829566,-0.07575137142236736,-44.46888850799621
707,148.1462,0.616589,-6.863616758829568,-0.11979271103663754,-12.572909237669208
708,148.3625,0.313782,-6.863616758829568,-0.11979271103663754,0.0
709,148.5795,0.2344870000000001,-6.863616758829568,-0.11979271103663754,0.0
710,148.7795,0.3856248,-6.863616758829568,-0.11979271103663754,0.0
711,148.9799,0.42389043000000004,-6.863616758829568,-0.11979271103663754,0.0
712,149.1958,0.09657360000000001,-6.863616758829568,-0.11979271103663754,0.0
713,149.3969,-0.3131996,-6.863616758829568,-0.11979271103663754,0.0
714,149.6122,-0.566711,-6.863616758829568,-0.11979271103663754,0.0
715,149.8134,-0.7748690999999999,-6.863616758829568,-0.11979271103663754,0.0
