,Time,Input,Theta,Theta_deg,U,X
0,0.0,-0.0,0.0,0.0,0.0,0.0
1,0.00667779632721202,-0.0003146318044504108,-2.773382182801618e-05,-0.0015890309405131248,9.697527218890885e-07,3.2379055822674073e-09
2,0.01335559265442404,-0.0006289520677761044,-0.00011090782592410969,-0.006354550340423104,5.817383425964113e-06,2.5899462002478433e-08
3,0.02003338898163606,-0.0009426495573331689,-0.00024943965531604563,-0.014291839492807403,1.8416498638681938e-05,1.0681392632516974e-07
4,0.02671118530884808,-0.0012554136571338527,-0.0004431921389952756,-0.025393039077804644,4.263251159650202e-05,3.1065035448939e-07
5,0.0333889816360601,-0.0015669346754113187,-0.0006919734277404927,-0.039647156944731074,8.231881487240776e-05,7.278501089765678e-07
6,0.04006677796327212,-0.0018769041512692619,-0.0009955371840822869,-0.05704007899625356,0.000141312964905001,1.4745338477993017e-06
7,0.04674457429048414,-0.00218501516011274,-0.0013535828262208004,-0.07755458316384181,0.0002234328822081609,2.692383086908357e-06
8,0.05342237061769616,-0.0024909626175577994,-0.0017657558256548647,-0.10117035646066176,0.0003324730710237314,4.548496453291971e-06
9,0.06010016694490818,-0.002794443581518967,-0.0022316480582279087,-0.12786401509502457,0.00047220086216044946,7.235220771102258e-06
10,0.0667779632721202,-0.0030951575521754805,-0.0027507982082430452,-0.15760912762447543,0.0006463526827393681,1.0969957148063247e-05
11,0.07345575959933222,-0.0033928067695192577,-0.003322692225247189,-0.1903762411275958,0.0008586303565393858,1.599494225416927e-05
12,0.08013355592654424,-0.0036870965081899553,-0.003946763833031907,-0.2261329103676038,0.0011126974386061954,2.2577005009246338e-05
13,0.08681135225375626,-0.003977735369305192,-0.0046223950903470055,-0.2648437299188763,0.0014121755877540357,3.100729892029886e-05
14,0.09348914858096828,-0.004264435568996974,-0.005348917002771638,-0.30647036922458093,0.001760640980552112,4.160101033367498e-05
15,0.1001669449081803,-0.004546913223368617,-0.006125610185137085,-0.35097161055070586,0.0021616207703464736,5.4697042890932364e-05
16,0.10684474123539232,-0.004824888629589999,-0.006951705573845291,-0.39830338979890517,0.0026185895948235426,7.065767850084894e-05
17,0.11352253756260434,-0.005098086542852833,-0.007826385188377813,-0.44841884013774846,0.003134966135573421,8.98682151632762e-05
18,0.12020033388981637,-0.005366236448911691,-0.008748782941241196,-0.5012683384091714,0.003714109733059619,0.0001127365820034533
19,0.12687813021702837,-0.005629072831940946,-0.009717985495546737,-0.5567995542641779,0.0043593170603469875,0.00013969293189796612
20,0.1335559265442404,-0.0058863354374424,-0.010733033169375522,-0.614957501979139,0.0050738188588814424,0.00017118921209572383
21,0.14023372287145242,-0.006137769529943249,-0.011792920886033221,-0.6756845949013829,0.0058607767395536465,0.0002076987132591131
22,0.14691151919866444,-0.00638312614522925,-0.012896599169253767,-0.7389207024701645,0.006723280052214149,0.00024971559737186033
23,0.15358931552587646,-0.006622162336863326,-0.014042975182366434,-0.8046032097565542,0.007664342826739733,0.00029775440498105526
24,0.16026711185308848,-0.006854641416745495,-0.015230913810397394,-0.8726670794632896,0.008686900788679846,0.0003523495422612542
25,0.1669449081803005,-0.00708033318947594,-0.016459238784034273,-0.9430449163232009,0.009793808452438142,0.0004140547484085597
26,0.17362270450751252,-0.007299014180289172,-0.01772673384434078,-1.0156670338324434,0.010987836294867416,0.0004834425438920507
27,0.18030050083472454,-0.007510467856333553,-0.019032143947068123,-1.0904615232524595,0.012271668012076584,0.0005611036601088921
28,0.18697829716193656,-0.007714484841077127,-0.020374176505370767,-1.1673543248123457,0.013647897862165893,0.0006476464510078654
29,0.19365609348914858,-0.007910863121627395,-0.021751502669695975,-1.246269301041122,0.015119028096521612,0.0007436962872639172
30,0.2003338898163606,-0.00809940824875981,-0.023162758643579855,-1.3271283121572932,0.0166874664822136,0.0008498949336036007
31,0.20701168614357263,-0.0082799335294569,-0.02460654703404704,-1.409851293441049,0.018355523917949073,0.0009668999098979669
32,0.21368948247078465,-0.008452260211767358,-0.026081438235276824,-1.494356334512496,0.020125412145943128,0.0010953838366555369
33,0.22036727879799667,-0.00861621766180209,-0.027585971844165752,-1.580559760437418,0.021999241561971764,0.001236033765563433
34,0.2270450751252087,-0.00877164353269194,-0.029118658106384924,-1.6683762145802579,0.02397901912577578,0.0013895504957395517
35,0.2337228714524207,-0.008918383925339798,-0.030677979391500243,-1.7577187431222814,0.0260666463738846,0.0015566478763728083
36,0.24040066777963273,-0.00905629354080792,-0.0322623916956949,-1.848498881161233,0.028263917536827755,0.0017380520964419648
37,0.24707846410684475,-0.009185235824189572,-0.033870326170606195,-1.9406267403072344,0.030572517762598228,0.001934500962216342
38,0.25375626043405675,-0.009305083099822534,-0.035500190676762855,-2.034011097688185,0.03299402144812684,0.0021467431632538206
39,0.2604340567612688,-0.009415716697710588,-0.03715037136008464,-2.128559486276538,0.0355298906804197,0.0023755375276229254
40,0.2671118530884808,-0.009517027071027792,-0.03881923424988328,-2.224178286448006,0.0381814737889024,0.0026216522670864375
41,0.27378964941569284,-0.009608913904589214,-0.04050512687678241,-2.32077281868155,0.04095000401040428,0.0028858642129939733
42,0.28046744574290483,-0.009691286214180707,-0.042206379908954456,-2.418247437308842,0.043836598268104696,0.003168958043640079
43,0.2871452420701169,-0.009764062436649361,-0.043921308805054335,-2.5165056252203946,0.046842256065650394,0.0034717255038529517
44,0.2938230383973289,-0.009827170510665457,-0.0456482154822133,-2.6154500894345643,0.04996785849753897,0.0037949646175864707
45,0.3005008347245409,-0.009880547948075927,-0.047385389997441255,-2.7149828574348107,0.05321416737674832,0.004139478894295278
46,0.3071786310517529,-0.009924141895778664,-0.04913111224077268,-2.8150053741798113,0.05658182448047584,0.004506076529878663
47,0.31385642737896496,-0.009957909188056455,-0.05088365363847968,-2.9154185996903808,0.06007135091473428,0.004895569602984541
48,0.32053422370617696,-0.009981816389318662,-0.05264127886466567,-3.016123107116565,0.06368314659843348,0.0053087732674692405
49,0.327212020033389,-0.009995839827208376,-0.054402247559544856,-3.117019181187803,0.06741748986745862,0.005746504941812789
50,0.333889816360601,-0.00999996561604223,-0.05616481605270618,-3.21800691694868,0.07127453719913732,0.006209583496292239
51,0.34056761268781305,-0.009994189670559697,-0.057927239089655407,-3.3189863186824997,0.07525432305736807,0.006698828438717969
52,0.34724540901502504,-0.009978517709968195,-0.05968777155992565,-3.4198573989247256,0.07935675985856365,0.007215059099539107
53,0.3539232053422371,-0.009952965252280082,-0.06144467022504537,-3.520520277468254,0.0835816380584431,0.007759093817125109
54,0.3606010016694491,-0.009917557598947071,-0.06319619544465271,-3.6208752802624793,0.08792862635958637,0.008331749124030046
55,0.36727879799666113,-0.00987232980980732,-0.0649406128990471,-3.7208230381082323,0.092397272039546,0.008933838935045516
56,0.3739565943238731,-0.009817326668369986,-0.06667619530647241,-3.820264585050858,0.09698700139919109,0.00956617373784597
57,0.3806343906510852,-0.009752602637471646,-0.0684012241334314,-3.919101456374011,0.10169712033083965,0.010229559787028046
58,0.38731218697829717,-0.009678221805348443,-0.07011399129633775,-4.017235786097141,0.10652681500561663,0.010924798302341754
59,0.3939899833055092,-0.009594257822177408,-0.07181280085282082,-4.114570403880112,0.11147515267935704,0.011652684671907613
60,0.4006677796327212,-0.009500793827149757,-0.07349597068100859,-4.211008931239031,0.11654108261625627,0.012414007661208488
61,0.40734557595993326,-0.009397922366148387,-0.0751618341451257,-4.306455876977984,0.12172343712935309,0.013209548628639574
62,0.41402337228714525,-0.009285745300111099,-0.07680874174575758,-4.400816731742208,0.1270209327368148,0.014040080748393052
63,0.4207011686143573,-0.00916437370417024,-0.07843506275314666,-4.493998061599067,0.13243217143287983,0.014906368241447128
64,0.4273789649415693,-0.00903392775766869,-0.08003918682190309,-4.5859076005541635,0.1379556420721994,0.015809165615420676
65,0.4340567612687813,-0.008894536625161062,-0.08161952558553148,-4.676454341910993,0.14358972186620714,0.016749216914046405
66,0.44073455759599334,-0.00874633832851794,-0.08317451422919467,-4.765548628383666,0.1493326779900354,0.017727254977005485
67,0.44741235392320533,-0.008589479610259836,-0.08470261303915705,-4.853102240873474,0.15518266929838692,0.01874400071085664
68,0.4540901502504174,-0.008424115788256133,-0.08620230892737349,-4.9390284858213995,0.16113774814866277,0.019800162371781685
69,0.4607679465776294,-0.008250410601932935,-0.08767211692971402,-5.0232422810500665,0.16719586232954162,0.020896434860857488
70,0.4674457429048414,-0.00806853605014208,-0.08911058167634099,-5.105660240010147,0.17335485709310036,0.02203349903255246
71,0.4741235392320534,-0.007878672220851852,-0.09051627883278253,-5.186200754347788,0.1796124772884641,0.02321202101713197
72,0.48080133555926546,-0.007681007112828058,-0.0918878165102755,-5.264784074711311,0.185966369594873,0.02443265155764395
73,0.48747913188647746,-0.007475736449482004,-0.09322383664398162,-5.341332389717175,0.1924140848519545,0.025696025362140867
74,0.4941569282136895,-0.007263063485069694,-0.09452301633771172,-5.415769902997009,0.19895308048489357,0.027002760471779765
75,0.5008347245409015,-0.007043198803434192,-0.09578406917382691,-5.488022908249412,0.2055807230221002,0.028353457645425816
76,0.5075125208681135,-0.006816360109490361,-0.0970057464870196,-5.558019862222235,0.2122942907028801,0.02974869976136898
77,0.5141903171953256,-0.00658277201365851,-0.09818683860071284,-5.625691455553043,0.21909097617252804,0.03118905123674599
78,0.5208681135225376,-0.006342665809460364,-0.0993261760248542,-5.69097068139765,0.22596788926217362,0.032675057465242484
79,0.5275459098497496,-0.006096279244497558,-0.1004226306139176,-5.753792901778733,0.23292205985062817,0.03420724427363247
80,0.5342237061769616,-0.005843856285039485,-0.10147511668396693,-5.81409591158887,0.23995044080539843,0.03578611739769265
81,0.5409015025041737,-0.005585646874453535,-0.10248259208767517,-5.8718200001845915,0.247049910999955,0.037412161978011046
82,0.5475792988313857,-0.005321906685716983,-0.10344405924623444,-5.9269080105104734,0.254217278404268,0.039085842076188745
83,0.5542570951585977,-0.0050528968682555025,-0.10435856613713551,-5.979305395694736,0.26144928324554967,0.04080760021191434
84,0.5609348914858097,-0.004778883789359069,-0.10522520723683844,-6.02896027306029,0.2687426012360746,0.04257785692136884
85,0.5676126878130218,-0.004500138770431234,-0.10604312441740092,-6.075823475497759,0.27609384686488037,0.04439701033739876
86,0.5742904841402338,-0.004216937818332973,-0.1068115077961768,-6.11984860014962,0.28349957675009085,0.04626543579187278
87,0.5809682804674458,-0.003929561352087053,-0.10752959653774304,-6.160992054357226,0.2909562930485417,0.048183485440616125
88,0.5876460767946577,-0.003638293925213642,-0.10819667960726136,-6.199213098825257,0.2984604469193317,0.050151487911293494
89,0.5943238731218699,-0.0033434239439719704,-0.10881209647452848,-6.234473887960826,0.3060084420378715,0.05216974797458969
90,0.6010016694490818,-0.0030452433817871965,-0.10937523776801776,-6.2667395073473,0.3135966381569491,0.05423854623901312
91,0.6076794657762938,-0.0027440474901450026,-0.10988554587826488,-6.295978008315757,0.3212213547112868,0.056358138869624916
92,0.6143572621035058,-0.0024401345062404715,-0.11034251550999968,-6.322160439579808,0.32887887446202024,0.05852875733097151
93,0.6210350584307179,-0.002133805357670501,-0.11074569418247798,-6.345260875902502,0.3365654471774901,0.06075060815447574
94,0.6277128547579299,-0.0018253633644622841,-0.1110946826775174,-6.365256443766883,0.3442772933467035,0.06302387273051645
95,0.6343906510851419,-0.0015151139387328209,-0.11138913543479403,-6.382127344024824,0.3520106079217863,0.06534870712540289
96,0.6410684474123539,-0.0012033642822769312,-0.11162876089400822,-6.395856871501682,0.35976156408572174,0.0677252419234246
97,0.6477462437395659,-0.0008904230823831498,-0.11181332178358092,-6.406431431537377,0.36752631704164423,0.07015358209413367
98,0.654424040066778,-0.0005766002061787177,-0.11194263535559439,-6.41384055344751,0.3753010078199367,0.0726338068849904
99,0.66110183639399,-0.00026220639380634963,-0.11201657356674498,-6.418076900891186,0.3830817670993611,0.07516596973947885
100,0.667779632721202,5.24470492634844e-05,-0.11203506320512872,-6.419136279135297,0.39086471903843895,0.07775009824077367
101,0.674457429048414,0.00036704856048000765,-0.11199808596273397,-6.417017639208046,0.398645985113288,0.08038619408101315
102,0.6811352253756261,0.0006812866287141657,-0.11190567845356961,-6.411723078937611,0.4064216879581154,0.08307423305620985
103,0.6878130217028381,0.0009948501027097138,-0.11175793217741069,-6.4032578408749306,0.41418795520456314,0.08581416508680309
104,0.6944908180300501,0.0013074284991780086,-0.11155499342919753,-6.391630307102649,0.42194092331610644,0.0886059142638337
105,0.7011686143572621,0.0016187123102313528,-0.11129706315417778,-6.376851990935369,0.42967674141370565,0.09144937892069449
106,0.7078464106844742,0.0019283933098505426,-0.11098439674893516,-6.35893752551944,0.4373915750889266,0.09434443173038612
107,0.7145242070116862,0.0022361648590831177,-0.11061730380850161,-6.33790464934355,0.4450816102007503,0.09729091982818136
108,0.7212020033388982,0.002541722209670172,-0.1101961478198035,-6.313774188674489,0.452743056652316,0.10028866495957722
109,0.7278797996661102,0.002844762805801006,-0.10972134580174527,-6.286570036935458,0.4603721521438551,0.10333746365338746
110,0.7345575959933223,0.0031449865836968892,-0.10919336789228702,-6.25631913104736,0.46796516589810144,0.10643708741980472
111,0.7412353923205343,0.003442096268727246,-0.10861273688292476,-6.223051424756481,0.4755184023544893,0.10958728297323572
112,0.7479131886477463,0.003735797669764136,-0.10798002770103438,-6.186799858974987,0.4830282048284792,0.1127877724796897
113,0.7545909849749582,0.0040257999704834705,-0.10729586684059185,-6.147600329163591,0.49049095913239105,0.1160382538284739
114,0.7612687813021703,0.004311816017324633,-0.10656093174183347,-6.105491649788706,0.497903097154157,0.11933840092792819
115,0.7679465776293823,0.004593562603823218,-0.10577595012047018,-6.060515515889253,0.5052611003904514,0.12268786402490517
116,0.7746243739565943,0.004870760751035596,-0.10494169924712035,-6.012716461791205,0.5125615034306997,0.12608627004768028
117,0.7813021702838063,0.005143135983777338,-0.1040590051776744,-5.962141817010724,0.5198008973885159,0.12953322297195144
118,0.7879799666110184,0.0054104186024022186,-0.10312874193535339,-5.908841659389575,0.5269759332771705,0.13302830420956646
119,0.7946577629382304,0.005672343949852532,-0.1021518306452715,-5.852868765509202,0.5340833253257485,0.1365710730195929
120,0.8013355592654424,0.005928652673716407,-0.10112923862235926,-5.794278558432585,0.5411198542327113,0.14016106694132396
121,0.8080133555926544,0.006179090983032543,-0.10006197841355066,-5.733129052825602,0.5480823703536422,0.1437978022487909
122,0.8146911519198665,0.006423410899588149,-0.09895110679518276,-5.669480797512254,0.5549677968200205,0.1474807744263324
123,0.8213689482470785,0.006661370503461204,-0.09779772372660012,-5.60339681552062,0.5617731325859328,0.15120945866474958
124,0.8280467445742905,0.006892734172563994,-0.09660297126100058,-5.534942541678918,0.5684954553997071,0.1549833103775564
125,0.8347245409015025,0.007117272815950619,-0.09536803241460064,-5.464185757823446,0.5751319246975274,0.1588017657368126
126,0.8414023372287146,0.007334764100657558,-0.09409412999524018,-5.391196525682587,0.5816797844161617,0.16266424222801026
127,0.8480801335559266,0.007544992671852598,-0.09278252539158653,-5.316047117503304,0.5881363657220204,0.16657013922346328
128,0.8547579298831386,0.007747750366074227,-0.09143451732413656,-5.238811944488834,0.5944990896538414,0.1705188385736331
129,0.8614357262103506,0.007942836417350252,-0.09005144055925374,-5.15956748311844,0.6007654696763854,0.1745097052158041
130,0.8681135225375626,0.008130057655991622,-0.08863466458751341,-5.078392199422175,0.6069331141426146,0.17854208779950692
131,0.8747913188647747,0.00830922869986458,-0.08718559226766498,-4.995366471285628,0.6129997286619132,0.18261531932806968
132,0.8814691151919867,0.008480172137951754,-0.08570565843755362,-4.910572508861616,0.6189631183720079,0.18672871781566205
133,0.8881469115191987,0.008642718706020437,-0.08419632849337712,-4.824094273167586,0.6248211901123385,0.1908815869591824
134,0.8948247078464107,0.00879670745422412,-0.08265909693868445,-4.736017392949362,0.6305719544967244,0.19507321682432116
135,0.9015025041736228,0.008941985906471285,-0.08109548590455302,-4.6464290798935455,0.6362135278832766,0.19930288454512254
136,0.9081803005008348,0.009078410211403704,-0.07950704364240978,-4.555418042272525,0.6417441342396043,0.20356985503635083
137,0.9148580968280468,0.009205845284834735,-0.07789534299098842,-4.4630743971075955,0.6471621069014694,0.20787338171795708
138,0.9215358931552587,0.009324164943506538,-0.07626197981894098,-4.369489580937176,0.6524658902231463,0.2122127072509274
139,0.9282136894824708,0.009433252030033822,-0.0746085714446456,-4.274756259278464,0.6576540411178544,0.21658706428378555
140,0.9348914858096828,0.009532998528910375,-0.07293675503477538,-4.178968234872188,0.6627252304867374,0.22099567620900953
141,0.9415692821368948,0.00962330567346351,-0.07124818598321388,-4.082220354801305,0.6676782445349733,0.22543775792861456
142,0.9482470784641068,0.009704084043650541,-0.06954453627192235,-3.984608416575619,0.6725119859737145,0.22991251662814272
143,0.9549248747913189,0.009775253654600441,-0.06782749281538203,-3.886229073275304,0.6772254751066663,0.2344191525582943
144,0.9616026711185309,0.009836744035812998,-0.06609875579025043,-3.787179737847262,0.6818178508002256,0.2389568598234258
145,0.9682804674457429,0.009888494300937084,-0.06436003695188582,-3.6875584866490807,0.6862883713362254,0.24352482717613513
146,0.9749582637729549,0.009930453208058904,-0.0626130579394067,-3.5874639623360953,0.6906364151464331,0.24812223881714565
147,0.981636060100167,0.00996257921044055,-0.060859548570964685,-3.486995276187717,0.6948614814280819,0.25274827519969834
148,0.988313856427379,0.009984840497658623,-0.059101245130918544,-3.3862519099697392,0.6989631906398215,0.2574021138376546
149,0.994991652754591,0.009997215027102171,-0.05733988865060575,-3.2853336174297985,0.7029412848775991,0.26208293011651074
150,1.001669449081803,0.009999690545798787,-0.05557722318441348,-3.1843403255235216,0.7067956281300981,0.2667898981065197
151,1.008347245409015,0.009992264602547192,-0.05381499408285644,-3.0833720354691727,0.7105262064134809,0.271522191377116
152,1.015025041736227,0.009974944550344384,-0.052054946264371176,-2.982528723728759,0.7141331277853031,0.2762789838118364
153,1.0217028380634392,0.00994774753910486,-0.05029882248753826,-2.881910243013659,0.7176166222375857,0.28105945042293135
154,1.0283806343906512,0.009910700498679158,-0.0485483616254431,-2.7816162234127746,0.7209770414691495,0.285862768164857
155,1.0350584307178632,0.009863840112188566,-0.04680529694388414,-2.6817459737411316,0.7242148585374397,0.29068811674584727
156,1.0417362270450752,0.009807212779702323,-0.04507135438513316,-2.5823983832065855,0.7273306673901824,0.2955346794367575
157,1.0484140233722872,0.009740874572293355,-0.04334825085894723,-2.483671823492022,0.7303251822773393,0.3004016438763819
158,1.0550918196994992,0.009664891176517998,-0.04163769254252446,-2.3856640513499934,0.7331992370439419,0.3052882028724463
159,1.0617696160267112,0.00957933782937469,-0.039941373191086836,-2.2884721118062488,0.7359537843045052,0.3101935551974828
160,1.0684474123539232,0.009484299243806034,-0.03826097246076306,-2.192192242067995,0.7385898944998384,0.31511690637879947
161,1.0751252086811351,0.009379869524818016,-0.03659815424543192,-2.096919776232045,0.7411087548371871,0.3200574694817611
162,1.0818030050083474,0.009266152076299385,-0.03495456502917315,-2.0027490508872026,0.7435116681147559,0.3250144658856075
163,1.0884808013355594,0.009143259498633555,-0.033331832255957025,-1.9097733117043592,0.7458000514317759,0.3299871260510383
164,1.0951585976627713,0.00901131347720427,-0.031731562718187015,-1.8180846211067865,0.7479754347853926,0.33497469027880844
165,1.1018363939899833,0.008870444661905593,-0.030155340965691182,-1.727773767112061,0.7500394595557672,0.33997640945857854
166,1.1085141903171953,0.008720792537775378,-0.028604727736737667,-1.6389301734358717,0.7519938768808865,0.34499154580728186
167,1.1151919866444073,0.008562505286880438,-0.027081258412627776,-1.551641810946727,0.7538405459226948,0.35001937359627544
168,1.1218697829716193,0.008395739641590084,-0.025586441497396986,-1.4659951105592377,0.7555814320262627,0.3550591798665557
169,1.1285475792988313,0.008220660729383366,-0.024121757124129208,-1.3820748776522298,0.7572186047738152,0.3601102651313306
170,1.1352253756260435,0.008037441909343662,-0.022688655589363286,-1.2999642080964218,0.7587542359355472,0.36517194406525183
171,1.1419031719532555,0.007846264600502556,-0.02128855591704295,-1.2197444059748168,0.7601905973192551,0.3702435461796251
172,1.1485809682804675,0.007647318102202872,-0.019922844453432186,-1.1414949030772856,0.7615300585209117,0.3753244164829312
173,1.1552587646076795,0.007440799406658885,-0.01859287349438728,-1.0652931802490462,0.7627750845784159,0.38041391612600073
174,1.1619365609348915,0.007226913003899174,-0.01729995994634477,-0.9912146906709255,0.7639282335308367,0.3855114230312069
175,1.1686143572621035,0.007005870679285348,-0.01604538402235121,-0.9193327851473689,0.7649921538855697,0.3906163325050513
176,1.1752921535893155,0.006777891303807062,-0.01483038797442587,-0.8497186394761722,0.7659695819959136,0.39572805783353704
177,1.1819699499165275,0.006543200617361067,-0.01365617486351155,-0.7824411839718549,0.7668633393516648,0.4008460308597393
178,1.1886477462437397,0.00630203100522875,-0.012523907368231514,-0.7175670352124599,0.7676763297854111,0.4059697025430018
179,1.1953255425709517,0.0060546212679736845,-0.011434706633632033,-0.6551604300773608,0.7684115365972911,0.41109854349920444
180,1.2020033388981637,0.005801216384986756,-0.010389651161050546,-0.5952831621413919,0.769072019601067,0.41623204452156953
181,1.2086811352253757,0.005542067271913281,-0.009389775740208604,-0.5379945204882816,0.7696609120944363,0.42136971708148774
182,1.2153589315525877,0.00527743053220217,-0.008436070424587074,-0.48335123100397576,0.7701814177565797,0.4265110938088701
183,1.2220367278797997,0.005007568203023105,-0.007529479551098103,-0.431407400207979,0.7706368074760199,0.43165572895154986
184,1.2287145242070117,0.004732747495803421,-0.00667090080502458,-0.38221446167833173,0.7710304161119316,0.4368031988132792
185,1.2353923205342237,0.004453240531641528,-0.005861184331152973,-0.33582112512327367,0.7713656391921078,0.44195310216988704
186,1.2420701168614359,0.004169324071858907,-0.005101131891979646,-0.2922733281500183,0.7716459295508554,0.4471050606631859
187,1.2487479131886479,0.003881279243957482,-0.0043914960738242114,-0.2516141907783987,0.7718747939101451,0.45225871917223764
188,1.2554257095158599,0.0035893912632536376,-0.0037329795416359856,-0.21388397274442256,0.7720557894074055,0.45741374616161173
189,1.2621035058430718,0.0032939491504646486,-0.0031262343432314353,-0.17912003363601403,0.7721925200733935,0.4625698340062888
190,1.2687813021702838,0.002995245445527055,-0.0025718612636515324,-0.14735679590041548,0.7722886332636355,0.4677266992928899
191,1.2754590984974958,0.0026935759179303903,-0.0020704092302783216,-0.1186257107598772,0.7723478160469679,0.472884083096932
192,1.2821368948247078,0.002389239273853086,-0.0016223747692997443,-0.09295522706938596,0.7723737915547536,0.47804175123583587
193,1.2888146911519198,0.002082536860390532,-0.001228201514060908,-0.07037076314726766,0.7723703152943915,0.48319949449743566
194,1.2954924874791318,0.001773772367168164,-0.0008882797657886224,-0.050894681606557315,0.7723411714307677,0.48835712884376337
195,1.302170283806344,0.0014632515256350212,-0.000602946107124168,-0.03454626721205764,0.7722901690393298,0.4935144955899074
196,1.308848080133556,0.0011512818063355824,-0.00037248306884695944,-0.02134170778501165,0.772221138334497,0.49867146155776654
197,1.315525876460768,0.0008381721144595038,-0.00019711885011911207,-0.011294078174296967,0.7721379268771372,0.50382791920455
198,1.32220367278798,0.0005242324839708892,-7.702709252791883e-05,-0.004413327310013428,0.7720443957648689,0.5089837867258922
199,1.328881469115192,0.0002097737706198321,-1.232670814997211e-05,-0.0007062683522829169,0.7719444158089598,0.5141390081334842
200,1.335559265442404,-0.00010489265585974746,-3.0817618071800084e-06,-0.0001765719450160239,0.7718418637016055,0.5192935533071422
201,1.342237061769616,-0.000419455220061201,-4.9301407631263604e-05,-0.0028247625813254736,0.7717406181773867,0.5244474180212624
202,1.348914858096828,-0.000733602449419902,-0.0001509398799995478,-0.008648218084185196,0.7716445561727034,0.5296006239456366
203,1.3555926544240402,-0.0010470232826261733,-0.0003078965388510216,-0.017641172202849317,0.77155754898699,0.5347532186206273
204,1.3622704507512522,-0.0013594073776309558,-0.0005200159693377936,-0.02979472032246,0.7714834584495107,0.5399052754067257
205,1.3689482470784642,-0.0016704454189393684,-0.0007870881357132745,-0.04509682828119079,0.7714261330955335,0.5450568934085456
206,1.3756260434056762,-0.001979829423887712,-0.00110884858930471,-0.06353234428619504,0.7713894043556673,0.5502081973733242
207,1.3823038397328882,-0.0022872530476007787,-0.0014849787303641295,-0.08508301391656009,0.7713770827621347,0.5553593375640347
208,1.3889816360601002,-0.002592411886327448,-0.0019151061235384373,-0.1097274981984121,0.7713929541757397,0.5605104896072329
209,1.3956594323873122,-0.0028950037788542334,-0.0023988048666462717,-0.13744139473427364,0.771440776037262,0.5656618543157905
210,1.4023372287145242,-0.003194729105698315,-0.0029355960123964796,-0.16819726186575237,0.7715242736469944,0.5708136574866896
211,1.4090150250417364,-0.0034912910857838203,-0.0035249480426306308,-0.20196464584563573,0.771647136476104,0.575966149674079
212,1.4156928213689484,-0.0037843960703075365,-0.0041662773946199855,-0.23871011099248576,0.77181301451347,0.5811196059378171
213,1.4223706176961604,-0.004073753833503205,-0.004858949038895791,-0.27839727279787646,0.7720255146516168,0.5862743255677506
214,1.4290484140233723,-0.004359077860016317,-0.005602277108040749,-0.32098683395349126,0.7722881971153205,0.5914306317840008
215,1.4357262103505843,-0.004640085628604991,-0.006395525575819055,-0.36643662326240745,0.7726045719364227,0.5965888714135559
216,1.4424040066777963,-0.004916498891885964,-0.007237908985972514,-0.41470163739603844,0.772978095478347,0.6017494145434883
217,1.4490818030050083,-0.005188043951848697,-0.008128593229961146,-0.46573408545538747,0.7734121670137541,0.6069126541511414
218,1.4557595993322203,-0.005454451930864816,-0.009066696372878129,-0.5194834362924885,0.7739101253587292,0.6120790057116505
219,1.4624373956594325,-0.005715459037924512,-0.01005128952672133,-0.5758964685451788,0.7744752455668289,0.6172489067831884
220,1.4691151919866445,-0.005970806829836262,-0.01108139777015667,-0.6349173233356588,0.7751107356862686,0.622422816570344
221,1.4757929883138565,-0.006220242467131329,-0.012156001113862664,-0.6964875595806583,0.7758197335834527,0.6276012154660693
222,1.4824707846410685,-0.00646351896441953,-0.013274035510500203,-0.7605462118584447,0.7766053038360005,0.6327846045726451
223,1.4891485809682805,-0.006700395434948441,-0.014434393908307598,-0.8270298507753707,0.7774704346983388,0.637973505202142
224,1.4958263772954925,-0.006930637329123891,-0.015635927347277583,-0.8958726457721905,0.778418035142869,0.6431684583568705
225,1.5025041736227045,-0.007154016666755525,-0.016877446096830895,-0.9670064303079547,0.7794509319796377,0.6483700241903346
226,1.5091819699499165,-0.007370312262797532,-0.018157720833859945,-1.0403607693569408,0.780571867057361,0.6535787814492228
227,1.5158597662771285,-0.007579309946360924,-0.019475483859976078,-1.1158630291517828,0.7817834945485778,0.6587953268969888
228,1.5225375626043407,-0.007780802772780612,-0.020829430356755167,-1.1934384491037477,0.7830883783216153,0.664020274719594
229,1.5292153589315527,-0.007974591228527176,-0.02221821967773856,-1.2730102158289356,0.7844889894019746,0.6692542559139967
230,1.5358931552587647,-0.008160483428760624,-0.023640476675910172,-1.3544995392071146,0.7859877035256448,0.6744979176599987
231,1.5425709515859767,-0.008338295307330238,-0.02509479306533521,-1.4378257303978734,0.787586798786771,0.6797519226760668
232,1.5492487479131887,-0.008507850799032646,-0.026579728815612276,-1.5229062817368417,0.7892884533820064,0.6850169485597688
233,1.5559265442404007,-0.008668982013947505,-0.02809381357775811,-1.609656948432867,0.7910947434537788,0.6902936871134776
234,1.5626043405676127,-0.008821529403678209,-0.0296355481401131,-1.6979918319852572,0.7930076410346097,0.6955828436560098
235,1.5692821368948247,-0.00896534191933301,-0.031203405912825943,-1.7878234652384846,0.7950290120945204,0.7008851363208817
236,1.5759599332220369,-0.009100277161090152,-0.03279583443944755,-1.8790628989901386,0.7971606146934587,0.7062012953418767
237,1.5826377295492489,-0.009226201519198842,-0.03441125693413746,-1.9716197900663652,0.7994040972405763,0.7115320623266314
238,1.5893155258764609,-0.009342990306276564,-0.03604807384296067,-2.065402490777585,0.8017609968620786,0.7168781895189608
239,1.5959933222036728,-0.009450527880771617,-0.037704664427728865,-2.1603181396659115,0.8042327378792653,0.7222404390506514
240,1.6026711185308848,-0.009548707761468713,-0.03937938837081783,-2.2562727534544162,0.8068206303982673,0.7276195821834645
241,1.6093489148580968,-0.009637432732924193,-0.04107058739937199,-2.3531713201071947,0.8095258690128772,0.7330163985420993
242,1.6160267111853088,-0.00971661494172653,-0.04277658692728779,-2.450917892908081,0.8123495316217569,0.738431675338876
243,1.6227045075125208,-0.009786175983486722,-0.044495697713349984,-2.549415685464862,0.8152925783611952,0.7438662065909059
244,1.629382303839733,-0.009846046980472511,-0.04622621753387928,-2.648567167544927,0.8183558506544686,0.7493207923305243
245,1.636060100166945,-0.009896168649809519,-0.04796643286823469,-2.7482741616474398,0.8215400703787515,0.7547962378097671
246,1.642737896494157,-0.009936491362181771,-0.04971462059550203,-2.8484379402164257,0.8248458391503973,0.7602933526996808
247,1.649415692821369,-0.009966975190973504,-0.05146904970068834,-2.9489593233985145,0.8282736377292979,0.7658129502852558
248,1.656093489148581,-0.009987589951803568,-0.0532279829887328,-3.049738777248531,0.831823825542914,0.7713558466567824
249,1.662771285475793,-0.009998315232413303,-0.05498967880463706,-3.1506765122857012,0.8354966403304452,0.7769228598984296
250,1.669449081803005,-0.009999140412878285,-0.05675239275801167,-3.251672582302887,0.839292197907493,0.7825148092748501
251,1.676126878130217,-0.009990064676123936,-0.058514379450331076,-3.3526269833310045,0.8432104920514497,0.7881325144166161
252,1.6828046744574292,-0.00997109700873456,-0.06027389420318672,-3.453439752660637,0.8472513945077272,0.7937767945052947
253,1.6894824707846412,-0.009942256192055042,-0.062029194785827274,-3.554011067822795,0.8514146551168182,0.7994484674589659
254,1.6961602671118532,-0.009903570783594001,-0.06377854314027513,-3.654241345430813,0.8556999020620656,0.8051483491189956
255,1.7028380634390652,-0.009855079088746794,-0.06552020710231117,-3.754031339785511,0.8601066422378935,0.8108772524388619
256,1.7095158597662772,-0.009796829122866408,-0.06725246211662365,-3.8532822411459904,0.8646342617381355,0.8166359866758436
257,1.7161936560934892,-0.009728878563719774,-0.0689735929444229,-3.951895773568745,0.8692820264639779,0.8224253565863682
258,1.7228714524207012,-0.009651294694376566,-0.07068189536183106,-4.0497742922182285,0.8740490828509137,0.8282461616258169
259,1.7295492487479132,-0.00956415433658708,-0.07237567784736508,-4.146820880052506,0.8789344587139895,0.8340991951535794
260,1.7362270450751252,-0.009467543774715096,-0.07405326325684213,-4.242939443788267,0.8839370642105072,0.8399852436441454
261,1.7429048414023374,-0.009361558670301124,-0.0757129904840489,-4.338034809050166,0.889055692919228,0.8459050859050128
262,1.7495826377295494,-0.009246303967340538,-0.0773532161055305,-4.432012814610284,0.8942890230350097,0.8518594923021888
263,1.7562604340567614,-0.009121893788370486,-0.0789723160078703,-4.524780405624399,0.8996356186776938,0.857849223994051
264,1.7629382303839733,-0.008988451321468372,-0.08056868699584942,-4.616245725772731,0.9050939313139483,0.8638750321743235
265,1.7696160267111853,-0.008846108698273899,-0.08214074837989348,-4.7063182082139505,0.9106623012906563,0.8699376573249231
266,1.7762938230383973,-0.008695006863155367,-0.08368694354123482,-4.794908665262359,0.916338959478332,0.8760378284794106
267,1.7829716193656093,-0.008535295433649824,-0.08520574147324034,-4.881929376699473,0.9221220290229396,0.8821762624977787
268,1.7896494156928213,-0.008367132552315255,-0.08669563829737882,-4.967294176632553,0.928009527204377,0.8883536633532956
269,1.7963272120200335,-0.008190684730141465,-0.0881551587523266,-5.0509185388140745,0.933999367399786,0.8945707214321077
270,1.8030050083472455,-0.008006126681674799,-0.08958285765473711,-5.132719660337656,0.9400893611497445,0.9008281128462964
271,1.8096828046744575,-0.007813641152019782,-0.09097732133022805,-5.212616543627588,0.9462772203252959,0.9071264987610711
272,1.8163606010016695,-0.007613418735889197,-0.09233716901316893,-5.290530076640745,0.9525605593936675,0.9134665247367605
273,1.8230383973288815,-0.007405657688881594,-0.0936610542138833,-5.3663831112015075,0.9589368977804362,0.9198488200862567
274,1.8297161936560935,-0.007190563731173196,-0.0949476660519115,-5.440100539392093,0.9654036623258038,0.926273997248548
275,1.8363939899833055,-0.006968349843818548,-0.09619573055401429,-5.511609367922679,0.9719581898325453,0.9327426511789598
276,1.8430717863105175,-0.006739236057861602,-0.0974040119156315,-5.5808387904076655,0.9785977297031137,0.9392553587567083
277,1.8497495826377297,-0.006503449236466079,-0.0985713137245472,-5.6477202574765215,0.9853194466632825,0.9458126782103525
278,1.8564273789649417,-0.006261222850280821,-0.09969648014554926,-5.71218754464978,0.9921204235696374,0.9524151485617145
279,1.8631051752921537,-0.006012796746262561,-0.1007783970649107,-5.774176817912986,0.9989976642981292,0.9590632890888189
280,1.8697829716193657,-0.005758416910185017,-0.10181599319355916,-5.833626696923656,1.0059480967108343,0.9657575988083813
281,1.8764607679465777,-0.005498335223069487,-0.1028082411278427,-5.890478315788678,1.0129685756979798,0.9724985559783607
282,1.8831385642737897,-0.005232809211778085,-0.10375415836684096,-5.944675381351945,1.020055886292227,0.9792866176210658
283,1.8898163606010017,-0.00496210179401662,-0.10465280828521487,-5.996164228934546,1.027206746852122,0.9861222190672907
284,1.8964941569282137,-0.0046864810179995595,-0.10550330106063131,-6.044893875472276,1.0344178123115693,0.9930057735219273
285,1.9031719532554259,-0.004406219797034892,-0.10630479455484469,-6.090816069997896,1.0416856774921046,0.9999376716514891
286,1.9098497495826379,-0.004121595639291752,-0.10705649514756263,-6.133885341418116,1.049006880474691,1.0069182811939492
287,1.9165275459098499,-0.0038328903730181587,-0.10775765852227041,-6.174059043538022,1.0563779060276963,1.013947946591286
288,1.9232053422370619,-0.0035403898674812822,-0.10840759040323597,-6.211297397288347,1.0637951890876622,1.0210269886450936
289,1.9298831385642738,-0.0032443837499063002,-0.10900564724296563,-6.245563530113789,1.0712551182894132,1.0281557041956013
290,1.9365609348914858,-0.002945165118694226,-0.10955123685942991,-6.276823512483354,1.0787540395420132,1.0353343658244207
291,1.9432387312186978,-0.002643030253202662,-0.11004381902242849,-6.305046391486597,1.086288259647029,1.0425632215813123
292,1.9499165275459098,-0.002338278320376846,-0.11048290598851364,-6.33020422148248,1.0938540499555154,1.049842494735244
293,1.9565943238731218,-0.0020312110785214665,-0.11086806298394239,-6.352272091770487,1.1014476500601047,1.0571723835499873
294,1.963272120200334,-0.0017221325785065817,-0.1111989086351796,-6.371228151256637,1.109065271518541,1.0645530610844738
295,1.969949916527546,-0.0014113488627034933,-0.111475115346525,-6.387053630089916,1.1167031016049738,1.0719846750181081
296,1.976627712854758,-0.001099167661948675,-0.11169640962449098,-6.399732858247762,1.1243573070852988,1.0794673475012142
297,1.98330550918197,-0.0007858980908358303,-0.11186257234860955,-6.409253281052152,1.132024038012803,1.087001175030757
298,1.989983305509182,-0.00047185034163777986,-0.11197343898840023,-6.415605471600955,1.13969943154036,1.094586228351469
299,1.996661101836394,-0.00015733537716125878,-0.11202889976628437,-6.418783140102229,1.1473796157453966,1.1022225523824731
300,2.003338898163606,0.00015733537716125143,-0.11202889976628437,-6.418783140102229,1.15506071346385,1.1099101661694823
301,2.010016694490818,0.0004718503416377725,-0.11197343898840023,-6.415605471600955,1.1627388461293098,1.1176490628626148
302,2.01669449081803,0.000785898090835823,-0.11186257234860955,-6.409253281052152,1.170410137613553,1.1254392097198531
303,2.023372287145242,0.0010991676619486676,-0.11169640962449098,-6.399732858247762,1.1780707180646615,1.133280548136141
304,2.030050083472454,0.001411348862703486,-0.111475115346525,-6.387053630089916,1.185716727738927,1.1411729936980894
305,2.036727879799666,0.0017221325785065744,-0.1111989086351796,-6.371228151256637,1.1933443208227463,1.1491164362642385
306,2.0434056761268784,0.0020312110785214764,-0.11086806298394239,-6.352272091770487,1.2009496692407227,1.157110740070795
307,2.0500834724540904,0.0023382783203768566,-0.11048290598851364,-6.33020422148248,1.208528966446205,1.165155743862738
308,2.0567612687813024,0.002643030253202673,-0.11004381902242849,-6.305046391486597,1.216078431190507,1.1732512610501729
309,2.0634390651085144,0.002945165118694236,-0.10955123685942991,-6.276823512483354,1.22359431126708,1.1813970798897642
310,2.0701168614357264,0.00324438374990631,-0.10900564724296563,-6.245563530113789,1.2310728872269259,1.1895929636910796
311,2.0767946577629384,0.0035403898674812922,-0.10840759040323597,-6.211297397288347,1.2385104760615777,1.1978386510476355
312,2.0834724540901504,0.003832890373018168,-0.10775765852227041,-6.174059043538022,1.2459034348499938,1.2061338560924153
313,2.0901502504173624,0.0041215956392917615,-0.10705649514756263,-6.133885341418116,1.253248164365761,1.2144782687776097
314,2.0968280467445743,0.004406219797034902,-0.10630479455484469,-6.090816069997896,1.2605411126410317,1.2228715551783
315,2.1035058430717863,0.004686481017999553,-0.10550330106063131,-6.044893875472276,1.2677787784836667,1.2313133578197848
316,2.1101836393989983,0.004962101794016614,-0.10465280828521487,-5.996164228934546,1.2749577149441005,1.2398032960282248
317,2.1168614357262103,0.00523280921177808,-0.10375415836684096,-5.944675381351945,1.282074532728497,1.2483409663042602
318,2.1235392320534223,0.0054983352230694804,-0.1028082411278427,-5.890478315788678,1.2891259035548173,1.2569259427192294
319,2.1302170283806343,0.005758416910185011,-0.10181599319355916,-5.833626696923656,1.296108563448472,1.2655577773335975
320,2.1368948247078463,0.006012796746262554,-0.10077839706491071,-5.774176817912987,1.3030193159743013,1.2742360006371793
321,2.1435726210350583,0.006261222850280816,-0.09969648014554928,-5.712187544649781,1.3098550354016767,1.2829601220107218
322,2.1502504173622703,0.006503449236466074,-0.09857131372454722,-5.647720257476523,1.3166126697995924,1.2917296302083887
323,2.1569282136894827,0.006739236057861609,-0.09740401191563153,-5.580838790407667,1.3232892440586852,1.3005439938606707
324,2.1636060100166947,0.006968349843818555,-0.09619573055401431,-5.511609367922681,1.3298818628371825,1.3094026619972177
325,2.1702838063439067,0.007190563731173204,-0.09494766605191152,-5.440100539392094,1.3363877134278714,1.3183050645890877
326,2.1769616026711187,0.007405657688881601,-0.09366105421388331,-5.366383111201508,1.3428040685432405,1.3272506131098594
327,2.1836393989983307,0.007613418735889204,-0.09233716901316896,-5.290530076640746,1.349128289016044,1.3362387011150656
328,2.1903171953255427,0.00781364115201979,-0.09097732133022807,-5.212616543627589,1.3553578264126116,1.3452687048393683
329,2.1969949916527547,0.008006126681674806,-0.08958285765473713,-5.132719660337657,1.361490225556311,1.3543399838108838
330,2.2036727879799667,0.008190684730141472,-0.08815515875232662,-5.050918538814075,1.367523126958677,1.3634518814820524
331,2.2103505843071787,0.008367132552315252,-0.08669563829737885,-4.967294176632555,1.3734542691557863,1.3726037258764245
332,2.2170283806343907,0.008535295433649821,-0.08520574147324037,-4.881929376699474,1.3792814909475744,1.3817948302507261
333,2.2237061769616027,0.008695006863155363,-0.08368694354123483,-4.79490866526236,1.385002733537871,1.3910244937715457
334,2.2303839732888147,0.008846108698273895,-0.0821407483798935,-4.706318208213952,1.390616042573038,1.4002920022059728
335,2.2370617696160267,0.008988451321468369,-0.08056868699584945,-4.616245725772733,1.396119570077193,1.4095966286255062
336,2.2437395659432386,0.009121893788370482,-0.07897231600787033,-4.5247804056244,1.4015115762820969,1.4189376341225322
337,2.2504173622704506,0.009246303967340537,-0.07735321610553053,-4.432012814610286,1.4067904313498993,1.4283142685386656
338,2.2570951585976626,0.009361558670301121,-0.07571299048404892,-4.338034809050167,1.411954616987032,1.4377257712042313
339,2.263772954924875,0.0094675437747151,-0.07405326325684215,-4.242939443788268,1.417002727947654,1.447171371688154
340,2.270450751252087,0.009564154336587081,-0.07237567784736511,-4.146820880052508,1.4219334734251599,1.4566502905575123
341,2.277128547579299,0.00965129469437657,-0.07068189536183109,-4.04977429221823,1.4267456783303727,1.4661617401460114
342,2.283806343906511,0.009728878563719776,-0.06897359294442292,-3.951895773568746,1.4314382844551556,1.475704925330604
343,2.290484140233723,0.00979682912286641,-0.06725246211662367,-3.8532822411459913,1.436010351520292,1.485279044315497
344,2.297161936560935,0.009855079088746794,-0.0655202071023112,-3.754031339785513,1.440461058106594,1.4948832894227655
345,2.303839732888147,0.009903570783594003,-0.06377854314027515,-3.654241345430814,1.4447897024683187,1.5045168478887918
346,2.310517529215359,0.009942256192055044,-0.062029194785827295,-3.5540110678227963,1.448995703228087,1.5141789026657413
347,2.317195325542571,0.009971097008734562,-0.06027389420318674,-3.453439752660638,1.453078599952616,1.5238686332272795
348,2.323873121869783,0.009990064676123936,-0.0585143794503311,-3.352626983331006,1.4570380536086942,1.5335852163777346
349,2.330550918196995,0.009999140412878285,-0.0567523927580117,-3.2516725823028882,1.4608738468989528,1.5433278270639037
350,2.337228714524207,0.009998315232413303,-0.05498967880463708,-3.1506765122857026,1.4645858844770925,1.5530956391886985
351,2.343906510851419,0.009987589951803568,-0.05322798298873282,-3.0497387772485323,1.4681741930423597,1.5628878264258252
352,2.350584307178631,0.009966975190973506,-0.051469049700688364,-2.9489593233985163,1.4716389213131764,1.5727035630346917
353,2.357262103505843,0.009936491362181773,-0.04971462059550206,-2.8484379402164275,1.4749803398799481,1.5825420246747355
354,2.363939899833055,0.00989616864980952,-0.04796643286823471,-2.7482741616474406,1.4781988409371978,1.5924023892183654
355,2.370617696160267,0.009846046980472515,-0.0462262175338793,-2.6485671675449285,1.481294937895289,1.6022838375617126
356,2.3772954924874794,0.009786175983486719,-0.04449569771335001,-2.5494156854648637,1.484269264872126,1.612185554432389
357,2.3839732888146914,0.009716614941726529,-0.04277658692728781,-2.4509178929080817,1.4871225760653306,1.622106729193449
358,2.3906510851419034,0.009637432732924191,-0.04107058739937202,-2.3531713201071964,1.4898557450055183,1.6320465566427673
359,2.3973288814691154,0.009548707761468714,-0.03937938837081785,-2.2562727534544176,1.4924697636914153,1.6420042378070308
360,2.4040066777963274,0.00945052788077162,-0.037704664427728886,-2.1603181396659124,1.4949657416076707,1.6519789807295653
361,2.4106844741235394,0.009342990306276567,-0.036048073842960694,-2.0654024907775863,1.497344904626336,1.6619700012512146
362,2.4173622704507514,0.009226201519198845,-0.03441125693413749,-1.9716197900663668,1.4996085937931003,1.6719765237834998
363,2.4240400667779634,0.009100277161090155,-0.03279583443944758,-1.8790628989901403,1.5017582639994844,1.6819977820732914
364,2.4307178631051753,0.008965341919333018,-0.031203405912825968,-1.787823465238486,1.503795482542307,1.692033019958239
365,2.4373956594323873,0.008821529403678216,-0.029635548140113124,-1.6979918319852585,1.5057219275718496,1.7020814921122094
366,2.4440734557595993,0.008668982013947514,-0.02809381357775813,-1.6096569484328684,1.5075393864302569,1.712142464779996
367,2.4507512520868113,0.008507850799032655,-0.0265797288156123,-1.522906281736843,1.5092497538818173,1.7222152165005706
368,2.4574290484140233,0.008338295307330247,-0.025094793065335234,-1.437825730397875,1.5108550302368784,1.7322990388181623
369,2.4641068447412353,0.008160483428760633,-0.023640476675910196,-1.354499539207116,1.51235731937125,1.7423932369804598
370,2.4707846410684473,0.007974591228527186,-0.02221821967773858,-1.2730102158289367,1.5137588266430626,1.7524971306232455
371,2.4774624373956593,0.007780802772780616,-0.02082943035675519,-1.193438449103749,1.515061856709138,1.7626100544407821
372,2.4841402337228717,0.007579309946360928,-0.019475483859976103,-1.1158630291517841,1.5162688112430378,1.7727313588412907
373,2.4908180300500837,0.0073703122627975385,-0.018157720833859962,-1.0403607693569417,1.5173821865570465,1.7828604105868668
374,2.4974958263772957,0.007154016666755531,-0.01687744609683091,-0.9670064303079556,1.5184045711304486,1.792996593417209
375,2.5041736227045077,0.00693063732912389,-0.015635927347277596,-0.8958726457721914,1.519338643046541,1.803139308656531
376,2.5108514190317197,0.00670039543494844,-0.014434393908307615,-0.8270298507753717,1.5201871673409224,1.8132879758030669
377,2.5175292153589317,0.006463518964419528,-0.013274035510500218,-0.7605462118584456,1.5209529932636863,1.823442033100578
378,2.5242070116861437,0.006220242467131328,-0.012156001113862681,-0.6964875595806593,1.5216390514582243,1.8336009380913023
379,2.5308848080133557,0.005970806829836259,-0.011081397770156692,-0.6349173233356599,1.5222483510594371,1.843764168149792
380,2.5375626043405677,0.005715459037924511,-0.010051289526721352,-0.5758964685451802,1.5227839767142244,1.8539312209971164
381,2.5442404006677797,0.005454451930864822,-0.009066696372878153,-0.5194834362924898,1.5232490855272045,1.8641016151949175
382,2.5509181969949917,0.005188043951848703,-0.008128593229961166,-0.46573408545538864,1.5236469039346896,1.8742748906188302
383,2.5575959933222037,0.00491649889188597,-0.007237908985972534,-0.41470163739603955,1.5239807245100074,1.884450608910799
384,2.5642737896494157,0.004640085628604998,-0.006395525575819074,-0.3664366232624085,1.5242539027033377,1.8946283539098419
385,2.5709515859766277,0.004359077860016323,-0.0056022771080407666,-0.32098683395349226,1.5244698535192889,1.9048077320608356
386,2.5776293823038396,0.004073753833503211,-0.004858949038895806,-0.2783972727978774,1.524632048135506,1.9149883728009185
387,2.5843071786310516,0.003784396070307543,-0.00416627739462,-0.2387101109924866,1.5247440104656558,1.925169928923126
388,2.5909849749582636,0.003491291085783827,-0.0035249480426306438,-0.20196464584563648,1.5248093136701952,1.935352076916902
389,2.597662771285476,0.0031947291056983137,-0.0029355960123964918,-0.16819726186575307,1.5248315766183766,1.9455345172851448
390,2.604340567612688,0.0028950037788542317,-0.0023988048666462843,-0.13744139473427436,1.524814460304993,1.9557169748374765
391,2.6110183639399,0.0025924118863274465,-0.00191510612353845,-0.10972749819841283,1.5247616642254094,1.9658991989594479
392,2.617696160267112,0.002287253047600777,-0.0014849787303641427,-0.08508301391656085,1.524676922712478,1.976080963857404
393,2.624373956594324,0.0019798294238877107,-0.0011088485893047232,-0.0635323442861958,1.5245640012389499,1.9862620687787775
394,2.631051752921536,0.0016704454189393667,-0.000787088135713288,-0.04509682828119156,1.524426692689059,1.9964423382075855
395,2.637729549248748,0.0013594073776309543,-0.0005200159693378073,-0.029794720322460784,1.524268813602962,2.0066216220349378
396,2.64440734557596,0.0010470232826261718,-0.0003078965388510356,-0.017641172202850122,1.524094200397753,2.0167997957043893
397,2.651085141903172,0.0007336024494199094,-0.00015093987999956137,-0.008648218084185972,1.5239067055687978,2.0269767603319906
398,2.657762938230384,0.00041945522006120835,-4.930140763127587e-05,-0.0028247625813261766,1.5237101938751496,2.0371524428009185
399,2.664440734557596,0.00010489265585975481,-3.0817618071909737e-06,-0.00017657194501665213,1.5235085385128178,2.0473267958305943
400,2.671118530884808,-0.00020977377061982475,-1.2326708149981778e-05,-0.0007062683522834709,1.5233056172796853,2.0574997980202188
401,2.67779632721202,-0.0005242324839708818,-7.70270925279272e-05,-0.004413327310013908,1.5231053087358686,2.0676714538666814
402,2.684474123539232,-0.0008381721144594964,-0.00019711885011911915,-0.011294078174297372,1.5229114883633235,2.077841793756829
403,2.691151919866444,-0.001151281806335575,-0.0003724830688469652,-0.02134170778501198,1.522728024728497,2.0880108739340972
404,2.697829716193656,-0.0014632515256350136,-0.0006029461071241723,-0.03454626721205789,1.5225587756518295,2.0981787764395405
405,2.7045075125208684,-0.0017737723671681657,-0.000888279765788626,-0.050894681606557524,1.5224075843878946,2.10834560902732
406,2.7111853088480804,-0.002082536860390534,-0.001228201514060912,-0.0703707631472679,1.5222782758199633,2.1185115050547254
407,2.7178631051752924,-0.002389239273853088,-0.0016223747692997487,-0.0929552270693862,1.5221746526727598,2.1286766233468546
408,2.7245409015025044,-0.002693575917930392,-0.002070409230278326,-0.11862571075987745,1.5221004917471557,2.13884114803607
409,2.7312186978297164,-0.0029952454455270568,-0.0025718612636515367,-0.14735679590041573,1.5220595401805352,2.149005288376396
410,2.7378964941569284,-0.0032939491504646503,-0.0031262343432314397,-0.17912003363601428,1.522055511736533,2.159169278533047
411,2.7445742904841404,-0.0035893912632536384,-0.00373297954163599,-0.2138839727444228,1.5220920831278155,2.1693333773472854
412,2.7512520868113524,-0.0038812792439574836,-0.004391496073824216,-0.25161419077839897,1.5221728903755516,2.179497868076846
413,2.7579298831385644,-0.004169324071858908,-0.00510113189197965,-0.2922733281500185,1.522301525209174,2.1896630581121874
414,2.7646076794657763,-0.004453240531641521,-0.005861184331152977,-0.33582112512327383,1.5224815315099975,2.1998292786688456
415,2.7712854757929883,-0.004732747495803414,-0.006670900805024585,-0.38221446167833195,1.522716401802216,2.2099968844561984
416,2.7779632721202003,-0.005007568203023099,-0.007529479551098107,-0.4314074002079792,1.523009573794749,2.220166253322966
417,2.7846410684474123,-0.005277430532202163,-0.008436070424587078,-0.483351231003976,1.52336442697737,2.2303377858798012
418,2.7913188647746243,-0.005542067271913276,-0.009389775740208604,-0.5379945204882816,1.5237842792744793,2.24051190509934
419,2.7979966611018363,-0.0058012163849867505,-0.010389651161050544,-0.5952831621413918,1.5242723837598344,2.2506890558941124
420,2.8046744574290483,-0.006054621267973685,-0.011434706633632032,-0.6551604300773607,1.5248319254355016,2.2608697046727277
421,2.8113522537562603,-0.006302031005228752,-0.012523907368231512,-0.7175670352124598,1.5254660180782038,2.2710543388747766
422,2.8180300500834727,-0.006543200617361068,-0.013656174863511549,-0.7824411839718548,1.5261777011561948,2.281243466484909
423,2.8247078464106847,-0.006777891303807064,-0.01483038797442587,-0.8497186394761722,1.5269699368197172,2.2914376155265646
424,2.8313856427378967,-0.0070058706792853484,-0.01604538402235121,-0.9193327851473689,1.527845606968013,2.3016373335358726
425,2.8380634390651087,-0.00722691300389918,-0.01729995994634477,-0.9912146906709255,1.5288075103958,2.311843187016219
426,2.8447412353923207,-0.007440799406658891,-0.018592873494387284,-1.0652931802490462,1.5298583600220343,2.3220557608740413
427,2.8514190317195327,-0.007647318102202879,-0.019922844453432197,-1.1414949030772863,1.5310007802037073,2.3322756578363975
428,2.8580968280467447,-0.007846264600502563,-0.02128855591704296,-1.2197444059748175,1.5322373041373334,2.342503497850892
429,2.8647746243739567,-0.00803744190934367,-0.022688655589363296,-1.2999642080964222,1.5335703713507025,2.352739917468548
430,2.8714524207011687,-0.008220660729383366,-0.02412175712412922,-1.3820748776522307,1.5350023252873812,2.3629855692102444
431,2.8781302170283807,-0.008395739641590084,-0.025586441497396997,-1.4659951105592381,1.536535410986356,2.3732411209173354
432,2.8848080133555927,-0.00856250528688044,-0.027081258412627787,-1.5516418109467274,1.5381717728591116,2.3835072550871033
433,2.8914858096828047,-0.008720792537775378,-0.02860472773673768,-1.6389301734358726,1.53991345256635,2.393784668193699
434,2.8981636060100167,-0.008870444661905593,-0.030155340965691196,-1.7277737671120617,1.541762386996451,2.4040740699952443
435,2.9048414023372287,-0.009011313477204273,-0.03173156271818703,-1.8180846211067871,1.543720406347675,2.414376182827779
436,2.9115191986644406,-0.009143259498633555,-0.03333183225595704,-1.9097733117043598,1.5457892323160094,2.424691740886756
437,2.9181969949916526,-0.009266152076299387,-0.034954565029173164,-2.0027490508872035,1.5479704763904487,2.4350214894967945
438,2.924874791318865,-0.00937986952481802,-0.03659815424543193,-2.096919776232046,1.5502656382574023,2.445366184370411
439,2.931552587646077,-0.009484299243806038,-0.03826097246076307,-2.192192242067996,1.5526761043158046,2.455726590856465
440,2.938230383973289,-0.009579337829374694,-0.03994137319108685,-2.2884721118062497,1.5552031463043998,2.46610348317907
441,2.944908180300501,-0.009664891176518002,-0.041637692542524474,-2.3856640513499943,1.5578479200425606,2.4764976436677077
442,2.951585976627713,-0.009740874572293359,-0.043348250858947245,-2.4836718234920228,1.560611464285889,2.486909861979322
443,2.958263772954925,-0.009807212779702324,-0.04507135438513317,-2.582398383206586,1.5634946996977293,2.497340934313157
444,2.964941569282137,-0.009863840112188568,-0.046805296943884155,-2.6817459737411324,1.566498427937613,2.507791662619118
445,2.971619365609349,-0.00991070049867916,-0.04854836162544311,-2.7816162234127755,1.5696233308675407,2.518262853800437
446,2.978297161936561,-0.00994774753910486,-0.05029882248753827,-2.8819102430136594,1.5728699698768824,2.5287553189114367
447,2.984974958263773,-0.009974944550344384,-0.05205494626437119,-2.98252872372876,1.5762387853265682,2.539269872351181
448,2.991652754590985,-0.009992264602547192,-0.053814994082856456,-3.083372035469173,1.5797300961131182,2.5498073310538176
449,2.998330550918197,-0.009999690545798787,-0.055577223184413486,-3.184340325523522,1.5833440993529444,2.560368513676409
450,3.005008347245409,-0.009997215027102173,-0.057339888650605755,-3.285333617429799,1.5870808701872345,2.570954239785057
451,3.011686143572621,-0.009984840497658624,-0.05910124513091856,-3.3862519099697397,1.5909403617076159,2.5815653290401315
452,3.018363939899833,-0.009962579210440551,-0.0608595485709647,-3.486995276187718,1.594922405002666,2.592202600381401
453,3.025041736227045,-0.009930453208058906,-0.06261305793940672,-3.5874639623360958,1.5990267093252313,2.602866871213881
454,3.031719532554257,-0.009888494300937087,-0.06436003695188583,-3.6875584866490816,1.603252862380384,2.613558956595202
455,3.0383973288814694,-0.009836744035812995,-0.06609875579025044,-3.787179737847263,1.6076003307337297,2.6242796684253
456,3.0450751252086814,-0.009775253654600437,-0.06782749281538204,-3.886229073275305,1.6120684603396698,2.6350298146392346
457,3.0517529215358934,-0.009704084043650538,-0.06954453627192236,-3.98460841657562,1.6166564771890852,2.645810198403938
458,3.0584307178631054,-0.009623305673463511,-0.07124818598321388,-4.082220354801305,1.6213634880758083,2.6566216173196806
459,3.0651085141903174,-0.009532998528910376,-0.0729367550347754,-4.178968234872188,1.6261884814811205,2.667464862627049
460,3.0717863105175294,-0.009433252030033826,-0.07460857144464561,-4.2747562592784645,1.6311303285753984,2.6783407184202264
461,3.0784641068447414,-0.00932416494350654,-0.07626197981894099,-4.369489580937177,1.6361877843359218,2.6892499608673424
462,3.0851419031719534,-0.009205845284834738,-0.07789534299098844,-4.463074397107596,1.6413594887797287,2.70019335743868
463,3.0918196994991654,-0.009078410211403707,-0.07950704364240979,-4.5554180422725254,1.6466439683103065,2.711171666143488
464,3.0984974958263773,-0.008941985906471286,-0.08109548590455304,-4.646429079893546,1.652039637176777,2.7221856347761664
465,3.1051752921535893,-0.008796707454224126,-0.08265909693868446,-4.736017392949363,1.6575447990441359,2.7332360001725635
466,3.1118530884808013,-0.008642718706020446,-0.08419632849337713,-4.824094273167587,1.6631576486729884,2.744323487477128
467,3.1185308848080133,-0.008480172137951762,-0.08570565843755364,-4.910572508861617,1.6688762737071217,2.755448809421636
468,3.1252086811352253,-0.008309228699864588,-0.087185592267665,-4.995366471285629,1.6746986565671398,2.7666126656162078
469,3.1318864774624373,-0.008130057655991632,-0.08863466458751343,-5.078392199422175,1.6806226764482897,2.777815741853321
470,3.1385642737896493,-0.00794283641735026,-0.09005144055925375,-5.159567483118441,1.686646111420497,2.789058709425504
471,3.1452420701168617,-0.007747750366074225,-0.09143451732413657,-5.238811944488835,1.6927666406285367,2.800342224457388
472,3.1519198664440737,-0.007544992671852597,-0.09278252539158655,-5.316047117503305,1.6989818465901534,2.8116669272527757
473,3.1585976627712857,-0.0073347641006575575,-0.0940941299952402,-5.391196525682588,1.7052892175898613,2.8230334416573832
474,3.1652754590984977,-0.0071172728159506204,-0.09536803241460064,-5.464185757823446,1.7116861501660525,2.83444237443787
475,3.1719532554257097,-0.0068927341725639945,-0.09660297126100059,-5.534942541678918,1.7181699516889495,2.845894314677787
476,3.1786310517529217,-0.006661370503461206,-0.09779772372660013,-5.603396815520621,1.7247378430268485,2.857389833191028
477,3.1853088480801337,-0.006423410899588151,-0.09895110679518278,-5.6694807975122545,1.731386961298017,2.8689294819533817
478,3.1919866444073457,-0.00617909098303255,-0.10006197841355068,-5.7331290528256025,1.7381143627055182,2.880513793552726
479,3.1986644407345577,-0.005928652673716414,-0.10112923862235927,-5.794278558432586,1.744917025452155,2.8921432806584275
480,3.2053422370617697,-0.0056723439498525385,-0.10215183064527152,-5.852868765509203,1.7517918527326488,2.9038184355104635
481,3.2120200333889817,-0.005410418602402225,-0.10312874193535342,-5.908841659389576,1.758735675800089,2.9155397294287697
482,3.2186978297161937,-0.005143135983777349,-0.10405900517767443,-5.962141817010726,1.765745257103617,2.927307612343306
483,3.2253756260434057,-0.004870760751035606,-0.10494169924712038,-6.012716461791206,1.772817293494241,2.9391225123453024
484,3.2320534223706177,-0.004593562603823229,-0.10577595012047021,-6.0605155158892545,1.779948419495601,2.9509848352601264
485,3.2387312186978297,-0.0043118160173246396,-0.1065609317418335,-6.105491649788707,1.7871352106364502,2.9628949642422033
486,3.2454090150250416,-0.004025799970483486,-0.10729586684059188,-6.147600329163593,1.7943741868415526,2.9748532593923804
487,3.2520868113522536,-0.0037357976697641464,-0.1079800277010344,-6.186799858974989,1.8016618158776374,2.9868600573981205
488,3.258764607679466,-0.0034420962687272405,-0.10861273688292479,-6.223051424756483,1.808994516851,2.9989156711968814
489,3.265442404006678,-0.003144986583696884,-0.10919336789228705,-6.256319131047362,1.816368663753284,3.0110203896630057
490,3.27212020033389,-0.002844762805801005,-0.10972134580174529,-6.286570036935459,1.8237805890519365,3.023174477318449
491,3.278797996661102,-0.0025417222096701707,-0.11019614781980352,-6.31377418867449,1.8312265873217777,3.03537817406761
492,3.285475792988314,-0.0022361648590831164,-0.11061730380850164,-6.337904649343551,1.8387029189140927,3.0476316949565443
493,3.292153589315526,-0.0019283933098505413,-0.11098439674893519,-6.358937525519441,1.846205813659609,3.0599352299567903
494,3.298831385642738,-0.0016187123102313556,-0.11129706315417781,-6.3768519909353705,1.8537314746016964,3.0722889437740233
495,3.30550918196995,-0.0013074284991780117,-0.11155499342919754,-6.39163030710265,1.8612760817560898,3.0846929756817287
496,3.312186978297162,-0.0009948501027097166,-0.1117579321774107,-6.403257840874931,1.8688357958934145,3.0971474393800578
497,3.318864774624374,-0.0006812866287141686,-0.11190567845356962,-6.411723078937612,1.8764067623407663,3.109652422880005
498,3.325542570951586,-0.0003670485604800149,-0.111998085962734,-6.417017639208048,1.8839851147985842,3.1222079884130243
499,3.332220367278798,-5.2447049263491745e-05,-0.11203506320512875,-6.419136279135299,1.8915669791690353,3.1348141723661715
500,3.33889816360601,0.0002622063938063423,-0.112016573566745,-6.4180769008911875,1.8991484773921221,3.1474709852428364
501,3.345575959933222,0.0005766002061787103,-0.1119426353555944,-6.4138405534475105,1.9067257312857118,3.160178411649106
502,3.352253756260434,0.0008904230823831381,-0.11181332178358094,-6.406431431537379,1.9142948663856874,3.172936410305772
503,3.358931552587646,0.0012033642822769197,-0.11162876089400825,-6.3958568715016835,1.9218520157824177,3.185744914085966
504,3.3656093489148584,0.0015151139387328267,-0.11138913543479405,-6.382127344024825,1.929393323949745,3.1986038300783948
505,3.3722871452420704,0.00182536336446229,-0.11109468267751743,-6.365256443766885,1.936914950562703,3.211513039676099
506,3.3789649415692824,0.002133805357670507,-0.11074569418247801,-6.345260875902504,1.944413074300184,3.2244723986906663
507,3.3856427378964944,0.002440134506240473,-0.11034251550999971,-6.32216043957981,1.9518838966287833,3.2374817374917644
508,3.3923205342237064,0.0027440474901450035,-0.10988554587826489,-6.295978008315758,1.9593236455640881,3.2505408611718742
509,3.3989983305509184,0.003045243381787198,-0.10937523776801779,-6.266739507347301,1.966728579405671,3.263649549736047
510,3.4056761268781304,0.003343423943971976,-0.1088120964745285,-6.234473887960827,1.9740949904421004,3.276807558316507
511,3.4123539232053424,0.003638293925213639,-0.10819667960726138,-6.1992130988252585,1.9814192086222946,3.2900146174118805
512,3.4190317195325544,0.003929561352087055,-0.10752959653774306,-6.1609920543572265,1.9886976051895884,3.3032704331508183
513,3.4257095158597664,0.004216937818332974,-0.10681150779617682,-6.119848600149621,1.9959265962749058,3.316574687579748
514,3.4323873121869783,0.004500138770431236,-0.10604312441740095,-6.075823475497761,2.0031026464454893,3.329927038974474
515,3.4390651085141903,0.004778883789359066,-0.10522520723683847,-6.028960273060291,2.0102222722056693,3.3433271221753125
516,3.4457429048414023,0.005052896868255499,-0.10435856613713554,-5.979305395694737,2.017282045446204,3.3567745489454355
517,3.4524207011686143,0.005321906685716981,-0.10344405924623445,-5.926908010510474,2.02427859683878,3.370268908352063
518,3.4590984974958263,0.005585646874453533,-0.10248259208767518,-5.871820000184592,2.0312086191723058,3.3838097671701304
519,3.4657762938230383,0.00584385628503948,-0.10147511668396694,-5.814095911588871,2.038068870627702,3.397396670308027
520,3.4724540901502503,0.006096279244497552,-0.10042263061391761,-5.753792901778734,2.0448561779879384,3.4110291412549905
521,3.4791318864774627,0.006342665809460358,-0.09932617602485422,-5.690970681397651,2.0515674397801464,3.4247066825497097
522,3.4858096828046747,0.006582772013658505,-0.09818683860071285,-5.625691455553044,2.058199629346689,3.4384287762696655
523,3.4924874791318867,0.006816360109490353,-0.0970057464870196,-5.558019862222235,2.064749797842151,3.452194884540747
524,3.4991652754590987,0.007043198803434183,-0.09578406917382692,-5.4880229082494125,2.0712150771532833,3.466004450066608
525,3.5058430717863107,0.007263063485069686,-0.09452301633771173,-5.41576990299701,2.077592682739006,3.4798568966772665
526,3.5125208681135227,0.007475736449481996,-0.09322383664398164,-5.341332389717176,2.083879916387661,3.493751629896387
527,3.5191986644407347,0.00768100711282805,-0.09188781651027551,-5.2647840747113115,2.0900741688887843,3.5076880375266923
528,3.5258764607679467,0.007878672220851842,-0.09051627883278253,-5.186200754347788,2.096172922616748,3.521665490252921
529,3.5325542570951587,0.00806853605014207,-0.089110581676341,-5.105660240010148,2.1021737540237218,3.5356833422617373
530,3.5392320534223707,0.008250410601932927,-0.08767211692971404,-5.023242281050067,2.108074336039476,3.549740931877975
531,3.5459098497495827,0.008424115788256123,-0.08620230892737349,-4.9390284858213995,2.1138724403756606,3.56383758221659
532,3.5525876460767947,0.008589479610259826,-0.08470261303915706,-4.853102240873475,2.1195659397322646,3.5779726018496714
533,3.5592654424040067,0.00874633832851793,-0.08317451422919468,-4.765548628383667,2.1251528099040873,3.592145285487856
534,3.5659432387312187,0.008894536625161051,-0.0816195255855315,-4.676454341910994,2.130631131785123,3.606354914675466
535,3.5726210350584306,0.009033927757668682,-0.0800391868219031,-4.585907600554164,2.1359990932688775,3.620600758498685
536,3.5792988313856426,0.00916437370417023,-0.07843506275314667,-4.493998061599068,2.141254991042743,3.634882074306069
537,3.585976627712855,0.009285745300111104,-0.0768087417457576,-4.400816731742209,2.146397232274638,3.6491981084406855
538,3.592654424040067,0.00939792236614839,-0.0751618341451257,-4.306455876977984,2.151424336190262,3.6635480969831393
539,3.599332220367279,0.009500793827149759,-0.0734959706810086,-4.211008931239032,2.156334935539383,3.6779312665047743
540,3.606010016694491,0.00959425782217741,-0.07181280085282082,-4.114570403880112,2.1611277779497278,3.6923468348302806
541,3.612687813021703,0.009678221805348445,-0.07011399129633775,-4.017235786097141,2.16580172716711,3.706794011808968
542,3.619365609348915,0.009752602637471647,-0.0684012241334314,-3.919101456374011,2.1703557641805924,3.721272000093935
543,3.626043405676127,0.009817326668369987,-0.06667619530647241,-3.820264585050858,2.174788988231548,3.735779995928366
544,3.632721202003339,0.00987232980980732,-0.0649406128990471,-3.7208230381082323,2.1791006177056382,3.7503171899381726
545,3.639398998330551,0.009917557598947073,-0.06319619544465271,-3.6208752802624793,2.1832899909068106,3.764882767930201
546,3.646076794657763,0.009952965252280083,-0.06144467022504537,-3.520520277468254,2.1873565667125616,3.779475911695207
547,3.652754590984975,0.009978517709968195,-0.05968777155992565,-3.4198573989247256,2.191299925109807,3.7940957998148144
548,3.659432387312187,0.009994189670559697,-0.057927239089655407,-3.3189863186824997,2.1951197676108336,3.8087416084716446
549,3.666110183639399,0.00999996561604223,-0.05616481605270618,-3.21800691694868,2.198815917548919,3.8234125122618274
550,3.672787979966611,0.009995839827208376,-0.054402247559544856,-3.117019181187803,2.2023883202533265,3.83810768500908
551,3.679465776293823,0.009981816389318662,-0.05264127886466567,-3.016123107116565,2.205837043103506,3.8528263005795536
552,3.686143572621035,0.009957909188056455,-0.05088365363847968,-2.9154185996903808,2.2091622754624356,3.867567533696635
553,3.692821368948247,0.009924141895778664,-0.04913111224077268,-2.8150053741798113,2.2123643284891887,3.8823305607549043
554,3.6994991652754594,0.009880547948075927,-0.047385389997441255,-2.7149828574348107,2.2154436348308923,3.897114560632435
555,3.7061769616026714,0.00982717051066546,-0.0456482154822133,-2.6154500894345643,2.218400748194395,3.911918715500633
556,3.7128547579298834,0.009764062436649361,-0.043921308805054335,-2.5165056252203946,2.221236342798063,3.926742211630825
557,3.7195325542570954,0.009691286214180708,-0.042206379908954456,-2.418247437308842,2.2239512127042493,3.9415842401967756
558,3.7262103505843074,0.009608913904589218,-0.04050512687678241,-2.32077281868155,2.226546271033097,3.956443998072359
559,3.7328881469115194,0.009517027071027796,-0.03881923424988328,-2.224178286448006,2.229022549058452,3.971320688623583
560,3.7395659432387314,0.009415716697710592,-0.03715037136008464,-2.128559486276538,2.231381195186783,3.9862135224941846
561,3.7462437395659434,0.009305083099822538,-0.035500190676762855,-2.034011097688185,2.2336234738201215,4.001121718384024
562,3.7529215358931554,0.009185235824189576,-0.033870326170606195,-1.9406267403072344,2.2357507641041443,4.016044503819497
563,3.7595993322203674,0.009056293540807924,-0.0322623916956949,-1.848498881161233,2.2377645585626387,4.030981115915212
564,3.7662771285475793,0.008918383925339803,-0.030677979391500243,-1.7577187431222814,2.239666461619705,4.045930802126172
565,3.7729549248747913,0.008771643532691947,-0.02911865810638492,-1.6683762145802576,2.241458188011157,4.060892820989714
566,3.7796327212020033,0.008616217661802096,-0.027585971844165745,-1.5805597604374175,2.243141561086695,4.075866442856485
567,3.7863105175292153,0.008452260211767365,-0.02608143823527682,-1.4943563345124957,2.24471851100453,4.0908509506097115
568,3.7929883138564273,0.008279933529456909,-0.024606547034047035,-1.4098512934410488,2.2461910728202508,4.105845640372064
569,3.7996661101836393,0.008099408248759819,-0.02316275864357985,-1.327128312157293,2.247561384471823,4.120849822199417
570,3.8063439065108517,0.007910863121627382,-0.02175150266969597,-1.2462693010411219,2.2488316846627163,4.135862820760802
571,3.8130217028380637,0.007714484841077115,-0.020374176505370767,-1.1673543248123457,2.250004310645258,4.1508839760039
572,3.8196994991652757,0.007510467856333543,-0.019032143947068123,-1.0904615232524595,2.251081695906401,4.165912643805409
573,3.8263772954924877,0.00729901418028916,-0.01772673384434078,-1.0156670338324434,2.2520663677582076,4.180948196605624
574,3.8330550918196997,0.00708033318947593,-0.016459238784034273,-0.9430449163232009,2.2529609448354266,4.195990024026638
575,3.8397328881469117,0.006854641416745485,-0.015230913810397394,-0.8726670794632896,2.253768134502649,4.211037533473509
576,3.8464106844741237,0.006622162336863318,-0.014042975182366434,-0.8046032097565542,2.2544907301735977,4.2260901507178374
577,3.8530884808013357,0.006383126145229241,-0.012896599169253767,-0.7389207024701645,2.2551316085452204,4.241147320463142
578,3.8597662771285477,0.00613776952994324,-0.011792920886033221,-0.6756845949013829,2.2556937267493162,4.256208506891505
579,3.8664440734557597,0.0058863354374423926,-0.010733033169375522,-0.614957501979139,2.256180119424514,4.2712731941909166
580,3.8731218697829717,0.005629072831940939,-0.009717985495546741,-0.5567995542641782,2.2565938957115086,4.286340887062823
581,3.8797996661101837,0.005366236448911683,-0.008748782941241201,-0.5012683384091717,2.256938236174526,4.3014111112093545
582,3.8864774624373957,0.005098086542852827,-0.007826385188377818,-0.44841884013774874,2.2572163896520667,4.3164834137997605
583,3.8931552587646077,0.004824888629589993,-0.006951705573845296,-0.3983033897989055,2.257431670040043,4.331557363915594
584,3.8998330550918197,0.0045469132233686115,-0.0061256101851370915,-0.3509716105507062,2.257587453010503,4.346632552974193
585,3.9065108514190316,0.00426443556899697,-0.005348917002771646,-0.3064703692245814,2.257687172669179,4.361708595130052
586,3.9131886477462436,0.0039777353693051885,-0.004622395090347015,-0.26484372991887684,2.257734318155184,4.3767851276536724
587,3.919866444073456,0.0036870965081899527,-0.003946763833031918,-0.2261329103676044,2.257732430186208,4.3918618112875345
588,3.926544240400668,0.003392806769519256,-0.0033226922252471997,-0.1903762411275964,2.257685097552643,4.406938330578816
589,3.93322203672788,0.003095157552175479,-0.002750798208243056,-0.15760912762447604,2.257595953564115,4.422014394188555
590,3.939899833055092,0.0027944435815189655,-0.0022316480582279196,-0.12786401509502518,2.257468672451927,4.437089735176922
591,3.946577629382304,0.0024909626175577994,-0.0017657558256548756,-0.10117035646066239,2.257306965730982,4.452164111264344
592,3.953255425709516,0.002185015160112741,-0.001353582826220811,-0.07755458316384242,2.257114578524795,4.4672373050682035
593,3.959933222036728,0.0018769041512692638,-0.000995537184082297,-0.05704007899625414,2.256895285857217,4.482309124314888
594,3.96661101836394,0.0015669346754113218,-0.0006919734277405025,-0.039647156944731636,2.2566528889145645,4.497379402026981
595,3.973288814691152,0.0012554136571338562,-0.0004431921389952848,-0.02539303907780517,2.2563912112818305,4.5124479966854
596,3.979966611018364,0.0009426495573331737,-0.0002494396553160541,-0.014291839492807887,2.2561140951567267,4.52751479236633
597,3.986644407345576,0.00062895206777611,-0.0001109078259241172,-0.0063545503404235345,2.25582539754529,4.542579698852814
598,3.993322203672788,0.00031463180445041725,-2.773382182802264e-05,-0.001589030940513495,2.2555289864428327,4.5576426517208875
599,4.0,7.347880794884118e-18,-5.244606995999545e-18,-3.0049384607555897e-16,2.2552287370040003,4.572703612400176
